ID,type,name,address,city,state,countryCode,zipCode,country,Standard,Score-Bedrock-1,Score-Bedrock-2,Score-Bedrock-3,Reasoning,Score-Bedrock-4,Score-Bedrock-5,Score-Bedrock-6,Score-Bedrock-7,Score-Bedrock-8,Score-Bedrock-9,Score-Bedrock-10,Score-Bedrock-11
1,Beneficiary FI,,GB ,,,,,,100,0,0,0,,0,20,20,0,50,50,0,0
2,Beneficiary FI,,GUSTAV MAHLERLAAN 10 AMSTERDAM,NETHERLANDS 1082 PP NL,,,,,100,0,20,45,Compared Amsterdam and Netherlands with SDN list,20,0,0,0,0,0,0,0
3,Beneficiary FI,,GB ,,,,,,100,0,0,0,,0,20,20,50,50,50,0,0
4,Beneficiary FI,,GB ,,,,,,100,0,0,0,,30,20,0,50,50,50,0,0
5,Beneficiary FI,,GB ,,,,,,100,0,0,0,,0,20,0,0,50,50,0,0
6,Beneficiary FI,,GB ,,,,,,100,0,30,0,,30,0,20,50,50,50,0,0
7,Beneficiary FI,,BE ,,,,,,100,45,10,85,Looked for SDN based in belgium,0,15,0,0,0,0,0,0
8,Beneficiary FI,,GB ,,,,,,100,0,85,0,,20,0,0,50,50,50,0,0
9,Beneficiary FI,,GB ,,,,,,100,0,20,0,,0,0,0,0,50,0,0,0
10,Entity,Revolut ,,,,,,,100,15,0,0,,0,0,0,0,0,0,0,0
11,Entity,Payoneer,,,,,,,88,10,0,0,,0,0,0,0,0,0,0,0
12,Entity,CITIBANK NA,,,,,,,91,0,0,0,,0,0,0,0,0,0,0,0
13,Entity,Revolut,,,,,,,100,0,0,0,,0,0,0,0,0,0,0,0
14,,MULTIMEDIA LLC,,,,,,,92,0,85,85,Matched with Infinity Media D.O.O,0,"45 (matched Media and LLC, as prompt is better score reduced from 85 to 45)",0,0,85,85,85,0
15,Entity,"CHARLES SCHWAB & CO., INC",,,,,,,97,0,0,0,,0,0,0,0,0,0,0,0
16,Entity,Ionfi LLC,,,,,,,89,0,0,35,Compared LLC with SDN(full form of LLC),0,0,0,0,0,0,85,85
17,Entity,JPMCHASE,,,,,,,88,0,0,0,,0,0,0,0,0,0,0,0
18,Entity,METROPOLITAN COMMERCIAL BANK,,,,,,,86,0,10,0,,0,40 (compared metropolitian with metkombank),0,80,0,0,0,0
19,Entity,PAYONEER INC,,,,,,,91,0,0,0,,0,0,0,0,0,0,0,0
20,,CITIBANK NA,,,,,,,91,10,20,0,,0,0,0,0,0,0,20,20
21,Ultimate Receiver,ANTONGIULIO LA GUARDIA,1433 R STREET NW UNIT 2,WASHINGTONDISTRICT OF CO 20009   US,,,,,93,0,0,0,,0,0,0,0,0,0,0,0
22,Sender,"WILLIAM RONALD REES, SARAH REES",40 WATERSIDE PLZ APT 24G,NEW YORK             NY/US,,,,,100,10,0,0,,0,35 (compared REES with Reyes),0,0,0,0,0,0
23,Reference for beneficiary,848-05-0464295BH,,,,,,,100,0,0,0,,20,0,0,0,0,0,0,0
24,Sender's Bank,BANK LEUMI LE ISRAEL B.M.,"34 YEHUDA HALEVI STREET TEL AVIV, ISRAEL",,,,,ISRAEL,100,0,0,0,,0,0,0,0,50,0,0,0
25,Instructing FI,BANK LEUMI LE ISRAEL B.M.,"34 YEHUDA HALEVI STREET TEL AVIV, ISRAEL",,,,,,100,35,15,0,,0,0,0,0,0,0,0,20
26,Originator FI,BANK LEUMI LE ISRAEL B.M.,"34 YEHUDA HALEVI STREET TEL AVIV, ISRAEL",,,,,,100,0,0,0,,0,0,0,0,0,0,0,0
27,Sender,XM CYBER LTD,2 SAPIR STREET HERZELIA,ISRAEL,,,,,97,0,0,0,,0,0,0,0,0,0,0,0
28,Instructing FI,BANK LEUMI LE ISRAEL B.M.,"34 YEHUDA HALEVI STREET TEL AVIV, ISRAEL",,,,,,100,0,0,55,Compare Bank Leumi. Used Google,40,0,0,0,0,50,0,0
29,Sender,CARBYNE LTD,3 SMATS BLVD. TEL AVIV YAFO,ISRAEL 62009,,,,,100,0,0,20,No Match. 20 coz of country,0,40 (compared LTD),0,0,0,0,0,0
30,Sender's Bank,BANK LEUMI LE ISRAEL B.M.,"34 YEHUDA HALEVI STREET TEL AVIV, ISRAEL",,,,,ISRAEL,100,0,40,0,,0,0,0,0,0,0,0,0
31,Reference for beneficiary,848-05-0463937IX,,,,,,,100,5,0,0,,0,0,0,0,0,0,0,0
32,Originator FI,BANK LEUMI LE ISRAEL B.M.,"34 YEHUDA HALEVI STREET TEL AVIV, ISRAEL",,,,,,100,0,0,0,,40,45,0,0,0,0,0,20
33,Sender,FINE-WHEEL COMPOSITE TECHNOLOGY,"CO., LIMITED,RM18, 27/F, HO KING CO MM CTR,2-16 FA YUEN ST,MONGKOK, KOW",LOON,HK,,,,95,85,85,50,Hong Kong. Should be 85 or 100,0,0,0,50,40,0,0,0
34,Sender's Bank,"AUS MERCHANT SERVICES, INC.","400 SOUTH EL CAMINO REAL,4F, SAN MA TEO,CA USA",US,,,,,92,0,50,0,,0,0,0,0,0,0,0,0
35,Originator FI,"AUS MERCHANT SERVICES, INC.","400 SOUTH EL CAMINO REAL,4F, SAN MA TEO,CA USA",US,,,,,92,0,0,0,,0,0,0,0,50,40,85,0
36,Sender's Bank,HONGKONG AND SHANGHAI BANKING CORPO,"RATION LIMITED -THE-, TAGUIG CITY B CTR 3058 5TH AVE W BONIFACIO GLBAL",CTY TAGUIG CITY 1634 PHILIPPINES PH,,,,PHILIPPINES,100,0,0,0,,0,0,0,0,85,0,0,0
37,Originator FI,HONGKONG AND SHANGHAI BANKING CORPO,"RATION LIMITED -THE-, TAGUIG CITY B CTR 3058 5TH AVE W BONIFACIO GLBAL",CTY TAGUIG CITY 1634 PHILIPPINES PH,,,,,92,10,0,85,Compared Hong Kong based SDN with City in name,40,0,0,0,0,0,0,0
38,Sender,"SPI TECHNOLOGIES, INC.",SPI BULIDING PACIFIC INFORMATION TE CHNOLOGY CENTER PASCOR DRIVE STO.NI,NO PARANAQUE CITY PH/PH,,,,,92,0,0,45,Compare with SPI International. Correct response,0,45 (compared SPI with SPI International),85 (compared SPI with SPI International),85,45,0,85,0
39,Ultimate Receiver,PHOENIX STAFFING SERVICES LLC,"2229, 1312, 17TH STREET DENVER, COLORADO, 80202",,,,,,86,0,0,0,,0,0,0,0,40,0,0,0
40,Instructing FI,CITIBANK SINGAPORE LIMITED,"ASIA SQUARE TOWER 1, 23-00 SINGAPORE",SG,,,,,100,0,15,0,,0,0,0,0,0,50,0,0
41,Ultimate Receiver,YIU KEE NG,8 WITHERBY CLOSE CROYDON UNITED KINGDOM,CR05SU,,,,,94,10,35,0,,0,40 (compared Yiu with Yiu-chung),0,0,40,0,0,0
42,Sender,MR NG YIU KEE FLT A 1/F SAU WAH,COURT 27 30 SAU WA FONG WAN CHAI HK ID/G061529(2),,,,,,91,50,50,0,,30,0,0,0,0,0,0,0
43,Sender,LTD TENGO,"LECHKHUMIS III TURNING,N 11 GE TBILISI",,,,,GEORGIA,100,0,85,30,Country Georgia. Used Google,0,15,0,85,50,40,0,0
44,Ultimate Receiver,1/HOCO TECHNOLOGY  HONGKONG  CO,1/LIMITED 3/HK,,,,,,100,85,85,50,Compared Technology and Hong Kong comabination,0,0,0,0,50,85,0,40
45,Sender to Receiver Info,/NFVT/,,,,,,,85,0,0,0,,0,0,0,0,0,0,40,0
46,Ultimate Receiver,SHEN ZHEN MEI XIN HUI GUO JI HU FU,"YOU XIAN GONG SI, ",,,,,,93,85,0,75,Compared SHEN ZHEN MEI XIN HUI GUO JI HU FU with SHENZHEN YOUXIN TECHNOLOGY CO LTD,0,0,0,0,40,0,85,0
47,Sender,"AUS MERCHANT SERVICES, INC.","400 SOUTH EL CAMINO REAL,4F, SAN MA TEO,CA USA",US,,,,,92,0,0,0,,0,40(compared merchant),0,50,0,0,0,0
48,Sender's Bank,HSBC HONG KONG,GENERAL REMITTANCE ATTN: MGR BOOKS PO BOX 64,HONG KONG HONG KONG,,,,HONG KONG,100,0,0,50,Hong Kong. Should be 85 or 100,0,0,0,0,0,30,0,0
49,Ultimate Receiver,LAMOON LIMITED, ,,,,,,95,0,20,85,Compared Lamoon with Azmoon,30,0,85 (Compared Lamoon with Lebra moon),0,0,0,0,0
50,Originator FI,HSBC HONG KONG,GENERAL REMITTANCE ATTN: MGR BOOKS PO BOX 64,HONG KONG HONG KONG,,,,,93,40,85,0,,0,0,30,0,0,0,0,0
51,Sender Intermediary Bank,BANK OF AMERICA N.A.,P.O. BOX 27025 ,RICHMOND,VA,,,UNITED STATES OF AMERICA,93,0,0,95,no hits still shows 95,0,0,0,0,0,0,0,0
52,Sender,LEXICO TELECOM LIMITED,"SUITE C, 2/F, ON LOK MANSION, 39-43 HOLLYWOOD RD, CENTRAL",39-43 HONG KONG,,,,,100,0,60,0,,0,0,0,0,50,0,85,0
53,Ultimate Receiver,ARMATEL LLC,"US, 8 THE GREEN, SUITE A, DOVER, DELAWARE 19901,USA",,,,,,92,0,15,20,general screening suggested,0,0,45,80,0,0,85,0
54,Sender Intermediary Bank,BANK OF AMERICA N.A.,P.O. BOX 27025 ,RICHMOND,VA,,,UNITED STATES OF AMERICA,93,0,0,0,,0,35 (compared work bank),0,0,0,0,0,0
55,Sender,SPV.SKY LLC,"3665 MANTLE DR POWELL, OH, 43065, US",,,,,,87,0,35,0,,50,0,0,0,0,80,0,0
56,Ultimate Receiver,SANDU PINZARU,"3665 MANTLE DR POWELL, OH, 43065, US",,,,,,85,10,0,0,,0,0,0,0,0,0,20,0
57,Sender Intermediary Bank,BANK OF AMERICA N.A.,P.O. BOX 27025 ,RICHMOND,VA,,,UNITED STATES OF AMERICA,93,0,0,0,,0,0,0,0,0,0,0,20
58,Sender,SPV.SKY LLC,"3665 MANTLE DR POWELL, OH, 43065, US",,,,,,87,15,0,0,,50,40,0,0,40,85,0,0
59,Ultimate Receiver,SANDU PINZARU,"3665 MANTLE DR POWELL, OH, 43065, US",,,,,,85,0,0,85,Phonetic similarity. Needs to be removed,0,0,0,0,0,0,0,0
60,Sender,VLADIMIR GAJDOS,"177 FIFTH AVE GB WOLVERHAMPTON, GB-WLV WV10 9SU",,,,,UNITED KINGDOM,94,0,85,0,,0,0,0,0,0,0,0,0
61,Instructing FI,INTERACTIVE BROKERS LLC,ONE PICKWICK PLAZAGREENWICHCTUS ,GREENWICH CT,,,,,91,0,0,0,,0,0,0,0,0,0,0,0
62,Reference for beneficiary,REM9998305513501,,,,,,,100,0,0,0,,0,0,0,0,30,0,0,0
63,Instructing FI,THE BANK OF EAST ASIA LTD.,"10 DES VOEUX ROAD CENTRAL HONG KONG, HONG KONG",,,,,,100,0,85,0,,0,15,40,0,40,0,0,0
64,Sender's Bank,"BANK OF EAST ASIA,LIMITED,THE","10 DES VOEUX ROAD CENTRAL,HK 97321 CEDE",,,,,HONG KONG,100,10,50,0,,50,0,0,0,0,0,85,0
65,Sender,"HONGKONG ACEMEDIA TECHNOLOGY CO.,","LTD UT C 2/F MEGA CUBE NO.8 WANG KWONG ROAD KOWLOON BAY, KLN,",HKSAR,HK,,,,100,85,0,85,Correct,0,45 (compared hong kong),40,0,0,65,0,0
66,Originator FI,"BANK OF EAST ASIA,LIMITED,THE","10 DES VOEUX ROAD CENTRAL,HK 97321 CEDE",,,,,,93,0,0,0,,0,0,20,50,50,0,0,85
67,Sender Intermediary Bank,BANK OF AMERICA N.A.,P.O. BOX 27025 ,RICHMOND,VA,,,UNITED STATES OF AMERICA,93,0,30,95,no hits still shows 95,0,0,0,0,0,0,0,20
68,Sender Intermediary Bank,BANK OF AMERICA N.A.,P.O. BOX 27025 ,RICHMOND,VA,,,UNITED STATES OF AMERICA,93,0,0,0,,0,0,0,0,0,0,0,0
69,Sender,WEB3PORT LIMITED,"C/O WEB3PORT LIMITED P.O. BOX 116, SEA MEADOW HOUSE,ROAD TOWN TORTOLA",BRITISH VIRGIN ISLANDS,,,,,100,75,90,50,Googled,0,0,0,0,0,0,0,0
70,Sender Intermediary Bank,BANK OF AMERICA N.A.,P.O. BOX 27025 ,RICHMOND,VA,,,UNITED STATES OF AMERICA,93,0,0,0,,0,35 (compared bank),0,0,0,80,20,0
71,Sender Intermediary Bank,BANK OF AMERICA N.A.,P.O. BOX 27025 ,RICHMOND,VA,,,UNITED STATES OF AMERICA,93,0,0,0,,0,0,0,0,0,0,0,0
72,Sender Intermediary Bank,BANK OF AMERICA N.A.,P.O. BOX 27025 ,RICHMOND,VA,,,UNITED STATES OF AMERICA,93,0,30,95,,0,0,0,0,0,0,0,0
73,Originator FI,ABU DHABI COMMERCIAL BANK PJSC,"ADCB BLDG., AL SALAM ST P.O. BOX 939",ABU DHABI, UNITED ARAB EMIRATES,,,,100,0,35,50,Flagged UAE. Google,0,35,0,0,0,0,0,0
74,Sender's Bank,ABU DHABI COMMERCIAL BANK PJSC,"ADCB BLDG., AL SALAM ST P.O. BOX 939",ABU DHABI, UNITED ARAB EMIRATES,,,UNITED ARAB EMIRATES,100,0,45,40,Flagged UAE. Google,0,0,0,0,0,0,20,0
75,Sender,MOONSTRIKE INTERNATIONAL TRADING FZ,P O BOX 385346 LC E08LOGISTIC CLUST ER ROW E DUBAI COMMERCITY DUBAI UNI,TED ARAB EMIRATES,,,,,97,0,85,85,Compared city with name,0,35,0,0,50,85,0,0
76,Sender Intermediary Bank,BANK OF AMERICA N.A.,P.O. BOX 27025 ,RICHMOND,VA,,,UNITED STATES OF AMERICA,93,10,0,0,,0,0,0,0,0,0,0,0
77,Beneficiary,CLOSEOUTNJ13 LLC,575 PROSPECT ST   ,LAKEWOOD,NJ,,,UNITED STATES OF AMERICA,87,0,0,0,,40,0,0,0,0,0,0,0
78,Ultimate Receiver,CRESCENT CREATIVE MEDIA LTD,"99 PARK AVENUE NEW YORK, NY, 10016, US",,,,,,100,0,30,0,,0,25,0,50,0,85,0,0
79,Sender Intermediary Bank,BANK OF AMERICA N.A.,P.O. BOX 27025 ,RICHMOND,VA,,,UNITED STATES OF AMERICA,93,0,0,0,,0,35,0,0,0,0,0,20
80,Ultimate Receiver,FORTUNIA PRIVATE LIMITED,"111, NORTH BRIDGE ROAD 08 11 PENINSULA PLAZA SINGAPORE",SINGAPORE 179098 SG,,,,,100,0,85,0,,0,0,0,0,50,0,0,0
81,Sender,PILOT44 LLC,1001B O REILLY AVE SAN FRANCISCO,941291357 US CA,,,,,100,0,0,0,,0,0,0,0,0,0,20,0
82,Reference for beneficiary,FO/07/07/2024,,,,,,,100,0,0,0,,0,0,0,0,0,0,0,0
83,Sender Intermediary Bank,BANK OF AMERICA N.A.,P.O. BOX 27025 ,RICHMOND,VA,,,UNITED STATES OF AMERICA,93,0,15,0,,0,0,0,0,0,0,0,0
84,Sender Intermediary Bank,BANK OF AMERICA N.A.,P.O. BOX 27025 ,RICHMOND,VA,,,UNITED STATES OF AMERICA,93,0,0,0,,0,35,0,0,0,0,0,0
85,Beneficiary,ADVANTAGE PLATFORM SERVICES INC,104 E 25TH ST FL 10   ,NEW YORK,NY,,,UNITED STATES OF AMERICA,92,0,45,20,Safe check,0,0,0,0,40,0,0,85
86,Reference for beneficiary,3WMKSQ756,,,,,,,87,0,0,0,,0,0,0,0,0,0,0,0
87,Sender Intermediary Bank,BANK OF AMERICA N.A.,P.O. BOX 27025 ,RICHMOND,VA,,,UNITED STATES OF AMERICA,93,0,0,0,,0,0,0,0,0,0,0,0
88,Ultimate Receiver,KRISTIYAN KOVACHEV,99 PARK AVE NEW YORK,NY 10016 US,,,,,100,10,0,85,Phonetic similarity. Needs to be removed,0,40,45,50,0,50,0,50
89,Sender Intermediary Bank,BANK OF AMERICA N.A.,P.O. BOX 27025 ,RICHMOND,VA,,,UNITED STATES OF AMERICA,93,0,0,95,,0,0,0,0,0,0,0,0
90,Sender Intermediary Bank,BANK OF AMERICA N.A.,P.O. BOX 27025 ,RICHMOND,VA,,,UNITED STATES OF AMERICA,93,0,0,0,,0,0,0,0,0,0,85,0
91,Reference for beneficiary,247AA29192RO2843,,,,,,,100,0,20,0,,0,0,0,0,0,0,0,0
92,Sender Intermediary Bank,BANK OF AMERICA N.A.,P.O. BOX 27025 ,RICHMOND,VA,,,UNITED STATES OF AMERICA,93,0,0,0,,0,0,0,0,0,0,0,0
93,Ultimate Receiver,11X LIMITED,99 PARK AVE NEW YORK,10016 US,,,,,100,0,0,0,,0,0,0,85,50,50,85,85
94,Sender Intermediary Bank,BANK OF AMERICA N.A.,P.O. BOX 27025 ,RICHMOND,VA,,,UNITED STATES OF AMERICA,93,0,30,0,,0,0,0,0,0,0,20,0
95,Sender,SKYHAWK SECURITY INC,850 NEW BURTON ROAD SUITE 201 DOVER,199045785 US DELAWARE,,,,,91,0,0,0,,50,40,50,0,0,0,0,0
96,Instructing FI,STANDARD CHARTERED BK SINGAPORE LTD,8 MARINA BOULEVARD NO 27-01 MARINA BAY FINANCIAL CENTRE TOWER 1,SINGAPORE,,,,,98,0,0,0,,40,0,0,0,0,0,0,0
97,Originator To Beneficiary Information,PAYMENT FOR ADVERTISING IN JUNE,,,,,,,97,0,10,0,,0,0,0,0,0,0,0,0
98,Sender,ALIBABA.COM SINGAPORE E-COMMERCE PR,"IVATE LIMITED SINGAPORE-SINGAPORE,8 SHENTON WAY, 45-01 AXA TOWER,SING",/SINGAPORE,,,,,96,0,0,0,,0,0,0,0,50,0,85,20
99,Sender,CHAINCODE LABS INC,450 LEXINGTON AVE 38TH FLOOR NEW YORK,10017 US NY,,,,,100,0,0,0,,0,40,0,0,0,0,0,0
100,Sender Intermediary Bank,BANK OF AMERICA N.A.,P.O. BOX 27025 ,RICHMOND,VA,,,UNITED STATES OF AMERICA,93,0,0,95,,0,0,0,0,0,0,0,0
101,Sender Intermediary Bank,BANK OF AMERICA N.A.,P.O. BOX 27025 ,RICHMOND,VA,,,UNITED STATES OF AMERICA,93,0,0,0,,0,35,0,0,0,0,85,0
102,Sender,STUDIOC INC,251 LITTLE FALLS DRIVE WILMINGTON,19808 US DE,,,,,89,0,0,0,,0,0,0,0,0,0,0,0
103,Sender Intermediary Bank,BANK OF AMERICA N.A.,P.O. BOX 27025 ,RICHMOND,VA,,,UNITED STATES OF AMERICA,93,0,0,0,,0,0,0,0,0,0,0,0
104,Ultimate Receiver,MORGANE ALLIBERT,2001 BISCAYNE BOULEVARD MIAMI,FL 33137 US,,,,,91,0,0,0,,50,0,20,0,0,40,0,50
105,Ultimate Receiver,C SENSE 24 LTD, ,,,,,,100,0,0,0,,0,0,0,85,0,50,40,0
106,Sender,"ACETEC ELECTRONICS CO., LIMITED","NO 57-59,LEADER INDUSTRIAL CENTRE AU PUI WAN STREET",NEW TERRITORIES,HK,,,,97,40,100,50,Compared Electronics and Hong Kong Combination,0,0,85 (Compared ACE and Hong Kong),90,0,0,0,0
107,Sender Intermediary Bank,BANK OF AMERICA N.A.,P.O. BOX 27025 ,RICHMOND,VA,,,UNITED STATES OF AMERICA,93,10,0,0,,0,0,0,0,0,0,0,0
108,Sender,CAMBRIDGE CONSULTING SERVICES LLC,"1518 E 2ND ST BROOKLYN, NY, 11230, US",,,,,,92,0,0,20,Safe check,0,40,0,50,50,50,0,0
109,Sender,PT. KRISBOW INDONESIA,"ADD.JL.PURI KENCANA NO.1,KEMBANGA ID JAKARTA",,,,,INDONESIA,100,0,0,0,,0,0,0,0,40,0,0,0
110,Sender's Bank,PT BANK CENTRAL ASIA LTD,WISMA BCA I 5TH FLOOR JL JEND SUDIRMAN KAV 22-23,JAKARTA SELATAN, INDONESIA,,,INDONESIA,100,0,85,0,,0,0,0,0,50,0,0,0
111,Originator FI,PT BANK CENTRAL ASIA LTD,WISMA BCA I 5TH FLOOR JL JEND SUDIRMAN KAV 22-23,JAKARTA SELATAN, INDONESIA,,,,100,0,0,0,,0,0,0,0,0,0,0,0
112,Ultimate Receiver,AUTOMIND TECHNOLOGY CO LIMITED,"ADD.RM18, 27/F, HO KING COMM CTR 2 16 FAYUEN ST",KOWLOON               HONG KONG,,,,,100,85,100,0,,0,0,0,85,50,0,0,0
113,Beneficiary fi information,FURTHER CREDIT TO METROPOLITANCOMMERCIAL BANK NEW YORK NEWYORK NY UNITED STAT,,,,,,,96,15,35,0,,40,0,0,0,0,40,0,0
114,Sender Intermediary Bank,BANK OF AMERICA N.A.,P.O. BOX 27025 ,RICHMOND,VA,,,UNITED STATES OF AMERICA,93,0,0,0,,0,0,0,0,0,0,0,0
115,Reference for beneficiary,OO9T003496759024,,,,,,,100,0,0,30,Weak match,0,0,0,0,0,0,0,0
116,Sender,ST. CUSTODIAN YOURSAFE,DANZIGERKADE 23D NL AMSTERDAM 1013 AP,,,,,THE NETHERLANDS,100,10,0,0,,0,0,0,0,50,0,85,0
117,Instructing FI,RABOBANK NEDERLAND,CROESSLAAN 18 PO BOX 17100,3500 H G UTRECHT, NETHERLANDS,,,,94,0,0,0,,50,0,35,0,0,0,0,0
118,Sender Intermediary Bank,BANK OF AMERICA N.A.,P.O. BOX 27025 ,RICHMOND,VA,,,UNITED STATES OF AMERICA,93,0,0,0,,0,0,0,0,0,0,0,0
119,Originator FI,RABOBANK,"CROESELAAN 18 UTRECHT,NL 3521 CB",,,,,,91,0,0,0,,0,0,0,0,0,0,0,85
120,Sender's Bank,RABOBANK,"CROESELAAN 18 UTRECHT,NL 3521 CB",,,,,THE NETHERLANDS,91,0,0,0,,0,0,0,0,0,0,20,20
121,Originator FI,OCBC BANK (HONG KONG) LIMITED,"FLOOR 9 CENTRAL,HK 999077",,,,,,100,0,20,0,,0,0,0,0,50,0,0,0
122,Sender,ACEBEAM TECHNOLOGY CO LTD,FLAT B 5/F GAYLORD COMMERCIAL BLDG 114-118 LOCKHART ROAD HONG KONG,,,,,,100,0,0,0,,0,0,0,90,40,70,85,85
123,Sender's Bank,OCBC BANK (HONG KONG) LIMITED,"FLOOR 9 CENTRAL,HK 999077",,,,,HONG KONG,100,0,90,20,,50,0,0,0,0,0,0,0
124,Instructing FI,OCBC WING HANG BANK,"161 QUEEN`S ROAD CENTRAL HONG KONG, HONG KONG",,,,,,100,0,50,0,,0,0,0,0,0,50,0,0
125,Sender Intermediary Bank,BANK OF AMERICA N.A.,P.O. BOX 27025 ,RICHMOND,VA,,,UNITED STATES OF AMERICA,93,0,30,0,,0,0,0,0,0,0,20,0
126,Ultimate Receiver,SHENZHENSHIZONGBANGKEJI,YOUXIANGONGSI ,,,,,,87,55,85,40,Compared SHENZHENSHIZONGBANGKEJI YOUXIANGONGS with SHENZHEN YOUXIN TECHNOLOGY CO LTD,0,0,0,85,75,85,0,0
127,Reference for beneficiary,ORRD24316606,,,,,,,87,0,0,0,,0,25,0,0,0,0,0,10
128,Sender,BLUESNAP PAYMENT SERVICES LTD,1 FORE STREET  LONDON EC2Y 9DT GB EC2Y 9DT,,,,,,100,10,0,0,,50,0,0,0,0,0,0,0
129,Instructing FI,BANK OF AMERICA NA - 6008,1 ALIE STREET P.O. BOX 407,LONDON EC4P 4HN ENGLAND,,,,,93,0,0,0,,0,0,0,0,0,0,85,0
130,Sender Intermediary Bank,BANK OF AMERICA N.A.,P.O. BOX 27025 ,RICHMOND,VA,,,UNITED STATES OF AMERICA,93,0,0,0,,0,0,0,0,0,0,0,0
131,Instructing FI,CITIBANK NAIROBI,CITIBANK HOUSENAIROBINAIROBI CITYKE ,NAIROBI, KENYA,,,,100,0,0,85,false positive. Compared to UAE,40,20,0,0,0,0,0,0
132,Sender,INTERNATIONAL ORGANIZATION FOR,"SRI AUROBINDO AVENUE, OFF MZIMA SPRING ROAD,LAVINGTON",NAIROBI CITY,BOX 55040 00200,,,,100,35,50,0,,0,40,55,40,0,85,0,0
133,Ultimate Receiver,ELITE VIETNAM JOINT STOCK COMPANY,"7TH FLOOR, A3 BLOCK, ECOLIFE CAPITO L TOWER, 58 TO HUU TRUNG VAN WARD,",HANOI 100000 VN,,,,,100,0,85,45,safe check,0,0,0,0,0,0,85,0
134,Sender,APPLOVINCORPORATION,1100 PAGE MILL ROAD PALO ALTO CA 94304 US,,,,,,86,0,0,0,,0,0,0,0,0,40,0,0
135,Sender's Bank,TRUIST BANK,ACH OPERATIONS 100-99-04-10 ,WILSON,NC,,,UNITED STATES OF AMERICA,98,0,0,0,,0,0,0,50,0,0,0,0
136,Beneficiary,ST ANDREWS OPERATOR LLC,211 BLVD OF THE AMERICAS STE 500   ,LAKEWOOD,NJ,,,UNITED STATES OF AMERICA,90,0,0,0,,0,0,0,0,0,0,20,0
137,Ultimate Receiver,HA DONG,"S101.2203 VINHOMES SMART CITY, TAY MO HANOI 100000 VN",,,,,,100,0,0,0,,0,0,0,0,50,0,85,50
138,Sender,APPLOVINCORPORATION,1100 PAGE MILL ROAD PALO ALTO CA 94304 US,,,,,,86,0,0,0,,50,0,0,0,50,0,0,0
139,Sender,ENTRO SECURITY,"12, CARLEBACH STREET TEL AVIV, 6473001",ISRAEL,,,,,100,0,50,0,,0,40,0,0,0,50,0,0
140,Reference for beneficiary,848-05-0467826BH,,,,,,,100,10,0,0,,0,0,0,0,0,0,0,0
141,Instructing FI,BANK LEUMI LE ISRAEL B.M.,"34 YEHUDA HALEVI STREET TEL AVIV, ISRAEL",,,,,,100,35,0,0,,0,0,0,0,0,0,0,0
142,Sender's Bank,BANK LEUMI LE ISRAEL B.M.,"34 YEHUDA HALEVI STREET TEL AVIV, ISRAEL",,,,,ISRAEL,100,0,0,0,,0,0,0,0,50,50,0,0
143,Originator FI,BANK LEUMI LE ISRAEL B.M.,"34 YEHUDA HALEVI STREET TEL AVIV, ISRAEL",,,,,,100,0,0,0,,0,0,0,0,50,0,0,0
144,Sender,NIZAR ABOU SAAB,P O BOX 120483 GREENS THE VIEWS MOS ALA BLD APT 1103 DUBAI UAE,DUBAI UAE,,,,,100,15,85,40,Googled,0,0,30,50,30,60,0,85
145,Ultimate Receiver,LINKUP STUDIO OU,99 PARK AVENUE  NY 10016 NEW YORK,NY USA,,,,,97,0,0,0,,50,40,0,0,45,0,85,0
146,Sender,SHOPIC TECHNOLOGIES LTD,21 HA`ARBA`A ST. TEL AVIV,ISRAEL,,,,,100,0,0,0,,0,0,0,0,40,0,0,0
147,Originator FI,BANK LEUMI LE ISRAEL B.M.,"34 YEHUDA HALEVI STREET TEL AVIV, ISRAEL",,,,,,100,0,0,0,,0,0,0,0,0,50,0,0
148,Instructing FI,BANK LEUMI LE ISRAEL B.M.,"34 YEHUDA HALEVI STREET TEL AVIV, ISRAEL",,,,,,100,0,0,0,,0,0,0,0,0,0,85,20
149,Sender's Bank,BANK LEUMI LE ISRAEL B.M.,"34 YEHUDA HALEVI STREET TEL AVIV, ISRAEL",,,,,ISRAEL,100,0,85,55,Compared with SETELEM BANK LIMITED LIABILITY COMPANY,0,0,0,0,0,0,0,0
150,Reference for beneficiary,848-05-0468344IX,,,,,,,100,0,0,0,,50,25,0,0,0,0,0,0
151,Sender,APPLOVINCORPORATION,1100 PAGE MILL ROAD PALO ALTO CA 94304 US,,,,,,86,0,0,0,,0,0,0,0,30,0,0,0
152,Originator FI,TMBTHANACHART BANK PUBLIC CO LTD,"3000 PHAHOLYOTHIN ROAD, CHOMPON CHATUCHAK",BANGKOK, THAILAND,,,,100,10,0,0,,0,0,0,0,0,50,85,0
153,Ultimate Receiver,HAIYUE AUTOMATION CO LIMITED,"8TH FLOOR,DAGUANGFA BUILDING, ZHONGWU,XIXIANG,BAOAN,",SHENZHEN CHINA,,,,,100,50,90,40,Compared SDN in Shenzhen city,0,40,0,0,0,90,40,85
154,Sender's Bank,TMBTHANACHART BANK PUBLIC CO LTD,"3000 PHAHOLYOTHIN ROAD, CHOMPON CHATUCHAK",BANGKOK, THAILAND,,,THAILAND,100,50,0,0,,0,0,0,0,0,0,85,0
155,Instructing FI,TMBTHANACHART BANK PUBLIC CO LTD,"3000 PHAHOLYOTHIN ROAD, CHOMPON CHATUCHAK",BANGKOK, THAILAND,,,,100,50,0,0,,50,0,15,0,50,0,0,0
156,Sender,"MECHWORTH CO., LTD.","69/342 MOO1 SOI PHRA MAHA KARUN10/5 TIWANON ROAD, BAN MAI, PAK KRET",NONTHABURI 11120 THAILAND,,,,,93,0,0,85,Compared Co.LTD,50,0,45,0,0,0,0,0
157,Reference for beneficiary,OTAW10240015645,,,,,,,88,0,0,0,,0,0,0,0,0,0,0,0
158,Ultimate Receiver,ZUO XIAN TECHNOLOGY LIMITED ADD:,"19H MAXGRAND PLAZA NO 3 TAI,YAU ST SAN PO KONG,KL, HONGKONG",,,,,,96,60,100,40,Hong Kong. Should be 85 or 100,0,0,0,0,45,0,0,0
159,Sender's Bank,HSBC BANK PLC RE HBUK, 8 CANADA SQUARE,LONDON GB,,,,UNITED KINGDOM,100,0,0,0,,0,35,30,0,0,0,0,0
160,Originator FI,HSBC BANK PLC RE HBUK, 8 CANADA SQUARE,LONDON GB,,,,,100,0,0,0,,0,0,0,0,50,0,0,20
161,Sender,MBO PARTNERS LTD,MBO PARTNERS LTD 30 STAMFORD STREET LONDON UNITED KINGDOM SE1 9LQ  GB,,,,,,100,0,0,20,safe check,0,40,20,50,50,50,85,0
162,Reference for beneficiary,RBD15074G7I1V3Y8,,,,,,,91,5,0,85,aplhanumeric match with program number,50,0,0,0,0,30,0,0
163,Instructing FI,EMIRATES NBD BANK PJSC,BANIYAS STREET DUBAI,AE,,,,,100,30,0,50,Googled,0,0,0,0,0,0,0,0
164,Sender,GREEN ADVEX TECHNOLOGY LLC,2501-06 THE EXCHANGE TOWER BUSINESS BAY DXB DUBAI UAE,,,,,,93,85,85,35,Compared ANVEX with ADVEX,0,0,0,85,45,85,0,0
165,Originator To Beneficiary Information,INVOICE3453476,,,,,,,85,0,0,0,,0,0,0,0,0,0,0,10
166,Sender,CID CONSULTING INC,20109 74TH AVE E BRADENTON            FL,US 34202-7577,,,,,91,0,0,0,,0,40,0,0,30,0,85,0
167,Ultimate Receiver,NICHOLAS MANSFIELD,99 PARK AVE NEW YORK,NY 10016 US,,,,,100,0,0,0,,50,0,0,0,0,0,0,0
168,Sender Intermediary Bank,BANK OF AMERICA N.A.,P.O. BOX 27025 ,RICHMOND,VA,,,UNITED STATES OF AMERICA,93,0,0,0,,0,0,0,0,0,0,0,0
169,Ultimate Receiver,LEVIN GROUP LTD,"99 PARK AVE US/NEW YORK,NY,10016",,,,,,100,85,0,0,,0,20,30,85,0,40,40,0
170,Sender's Bank,BANK HAPOALIM B.M.,"50 ROTHSCHILD BLVD (65124) TEL AVIV, ISRAEL 61013",,,,,ISRAEL,100,10,40,0,,0,0,0,0,50,0,0,0
171,Originator FI,BANK HAPOALIM B.M.,"50 ROTHSCHILD BLVD (65124) TEL AVIV, ISRAEL 61013",,,,,,100,10,0,0,,0,0,0,0,0,0,0,0
172,Beneficiary,FBO MESH PAYMENTS POOLEDF,2/BROADWAY 26 3/US/NEW YORK 10016 NY,,,,,UNITED STATES OF AMERICA,100,0,0,0,,0,0,0,85,0,50,0,40
173,Sender Intermediary Bank,BANK OF AMERICA N.A.,P.O. BOX 27025 ,RICHMOND,VA,,,UNITED STATES OF AMERICA,93,0,0,0,,0,35,0,0,0,0,0,0
174,Instructing FI,CAPITAL BANK OF JORDAN,54 ISSAM AJLOUNI STREET SHMEISANI AMMAN,JO,,,,,100,40,0,0,,50,0,0,0,50,0,85,0
175,Sender,WIAM ISAM MOHAMMED ALSULTANI,IRAQ- BABIL- ALFAYHAA HILLA- ALKARAMA4,/IQ/IQ,,,,,92,70,0,0,,85,85,100 (Iraq),100,100,90,95,100
176,Receiver FI Information,ROUTING NO.026013356,,,,,,,89,0,0,0,,0,0,0,0,0,0,0,0
177,Sender,MARIA LACAYO,16 CHATSWORTH HOUSE LONDON SE1 2RY GBR,,,,,,95,0,0,0,,0,20,85 (Compared Maria),30,50,0,0,0
178,Ultimate Receiver,MARIA LACAYO, ,,,,,,91,0,0,0,,0,0,0,0,40,0,0,0
179,Originator To Beneficiary Information,INV 64,,,,,,,100,0,0,0,,50,25,0,35,50,0,40,0
180,Ultimate Receiver,BRIGHTWORK STUDIO SRL,"STRADA ARGENTINA NR25 PARTER, BUCHAREST, ROMANIA",,,,,,100,35,100(high risk),85,Compared Brightwork with Brighten Star FZE,0,85 (high-risk country),85,100,85,80,0,0
181,Sender,PEERSPOT LTD,32 DAM HAMACCABIM ST MODIIN 7178596,ISRAEL,,,,,90,0,0,0,,0,40,0,0,0,50,85,0
182,Reference for beneficiary,OTA10240018423,,,,,,,100,0,0,0,,0,0,0,0,0,0,0,0
183,Originator FI,TMBTHANACHART BANK PUBLIC COMPANY,"LIMITED, 3000 PHAHON YOTHIN ROAD CHATUCKAK",BANGKOK 10900, THAILAND,,,,100,50,0,0,,0,0,0,30,0,0,0,0
184,Sender's Bank,TMBTHANACHART BANK PUBLIC COMPANY,"LIMITED, 3000 PHAHON YOTHIN ROAD CHATUCKAK",BANGKOK 10900, THAILAND,,,THAILAND,100,50,85,0,,50,0,35,85,35,0,0,85
185,Ultimate Receiver,QINGDAO ISEAL INTERNATIONAL LIMITED,"R301,SHENGWEN OUTLETS,NO.228 HEILONGJIANG RD,CHENGYANG DIST,",QINGDAO CHINA,,,,,95,60,0,40,Googled,0,0,0,0,40,85,40,0
186,Sender,"CRAZY FACTORY TRADING CO.,LTD.",10 MOO 10 T.BANGSAREA  A.SATTAHIP,CHONBURI 20250 THAILAND,,,,,95,50,0,0,,0,0,0,85,0,50,0,40
187,Sender Intermediary Bank,BANK OF AMERICA N.A.,P.O. BOX 27025 ,RICHMOND,VA,,,UNITED STATES OF AMERICA,93,10,0,0,,40,35,0,0,0,0,0,0
188,Sender,4M ANALYTICS INC,HAMENOFIM 10 HERZLIYA 4672561,ISRAEL,,,,,100,0,0,0,,0,20,40,0,40,0,0,0
189,Sender Intermediary Bank,M & T BANK,2ND FLOOR ,AMHERST,NY,,,UNITED STATES OF AMERICA,100,0,35,0,,0,0,0,85,50,0,0,0
190,Sender,THE LAW OFFICE OF ROSINA C-STAMBAUG,H LLC 2930 CAROL RD,SUITE A,,,,,95,0,0,0,,0,0,0,30,50,40,0,0
191,Sender's Bank,M&T BANK,ONE M&T PLAZA BUFFALO NY 14240 USA ,,,,,,93,0,0,0,,0,0,0,0,0,50,0,0
192,Originator FI,M&T BANK,ONE M&T PLAZA BUFFALO NY 14240 USA ,,,,,,93,0,0,0,,50,0,15,0,0,0,20,0
193,Originator FI,BANK HAPOALIM B.M.,"50 ROTHSCHILD BLVD (65124) TEL AVIV, ISRAEL 61013",,,,,,100,10,0,50,Googled,0,40,0,0,0,0,0,0
194,Sender,SOLITICS LTD,YIGAL ALON 94 IL TEL AVIV 6789139,,,,,ISRAEL,100,10,0,0,,0,0,0,50,0,0,0,0
195,Beneficiary,FBO MESH PAYMENTS POOLEDF,2/BROADWAY 26 3/US/NEW YORK 10016 NY,,,,,UNITED STATES OF AMERICA,100,0,0,0,,0,0,0,0,30,0,0,0
196,Sender's Bank,BANK HAPOALIM B.M.,"50 ROTHSCHILD BLVD (65124) TEL AVIV, ISRAEL 61013",,,,,ISRAEL,100,10,0,0,,0,20,0,35,0,50,0,0
197,Sender Intermediary Bank,BANK OF AMERICA N.A.,P.O. BOX 27025 ,RICHMOND,VA,,,UNITED STATES OF AMERICA,93,0,0,0,,0,0,0,0,0,0,0,20
198,Originator To Beneficiary Information,SOLITICS LTD,,,,,,,93,0,0,0,,0,35,0,0,40,50,85,0
199,Sender,GEM DE ORIENT,ADD. FLAT A-1 13/F BLK A HANKOW CENTRE 47 PEKING ROAD TSIMSHATSUI,KLN HONG KONG,,,,,97,0,20,0,,0,0,35,0,40,0,0,0
200,Beneficiary,GAD INTERNATIONAL LTD,589 FIFTH AVENUE STE 1208   ,NEW YORK,NY,,,UNITED STATES OF AMERICA,93,0,0,0,,50,0,85 (Compared with INTERNATIONAL GATEWAYS GROUP OF COMPANY LIMITED),85,50,0,85,85
201,Ultimate Receiver,COLTEFINANCIERA,"CALLE 52, 47-42, PISO 12 MEDELLIN ANTIOQUIA CO",,,,,,95,60,50,0,,0,0,0,0,0,0,0,0
202,Reference for beneficiary,IB10502407150503,,,,,,,100,0,10,0,,0,25,0,35,0,30,0,0
203,Sender,BIAN DONGMEI,"ROOM 1902,NO.21,LANE 333,FANGDIAN R OAD,PUDONG NEW DISTRICT,SHANGHAI,ZI",P 200135/CHINA,,,,,100,0,45,0,,0,0,55,85,0,0,0,85
204,Sender's Bank,STANDARD CHARTERED BK SINGAPORE LTD,8 MARINA BOULEVARD NO 27-01 MARINA BAY FINANCIAL CENTRE TOWER 1,SINGAPORE,,,,SINGAPORE,99,0,0,0,,40,0,0,0,0,0,0,0
205,Instructing FI,STANDARD CHARTERED BK SINGAPORE LTD,8 MARINA BOULEVARD NO 27-01 MARINA BAY FINANCIAL CENTRE TOWER 1,SINGAPORE,,,,,98,0,0,0,,0,0,0,0,0,50,0,0
206,Originator FI,STANDARD CHARTERED BK SINGAPORE LTD,8 MARINA BOULEVARD NO 27-01 MARINA BAY FINANCIAL CENTRE TOWER 1,SINGAPORE,,,,,98,0,0,0,,40,0,0,0,50,0,0,0
207,Sender Intermediary Bank,BANK OF AMERICA N.A.,P.O. BOX 27025 ,RICHMOND,VA,,,UNITED STATES OF AMERICA,93,0,0,0,,0,0,0,0,0,0,20,0
208,Sender's Bank,VISA GLOBAL SERVICES INC (VGSI),"SETTLEMENT ACCOUNT FOR B2B CONNECT CLIENTS, 900 METRO CENTER BLVD",FOSTER CITY, CA 94404,,,,92,10,0,0,,0,0,0,85 (compare to  VXI systems LLC),50,0,85,0
209,Originator FI,VISA GLOBAL SERVICES INC (VGSI),"SETTLEMENT ACCOUNT FOR B2B CONNECT CLIENTS, 900 METRO CENTER BLVD",FOSTER CITY, CA 94404,,,,92,0,0,0,,0,40,0,0,0,0,0,0
210,Ultimate Receiver,ALAIN SAMSON,"FLAT F, 50 CRAVEN AVENUE LONDON",GB,,,,,100,0,0,0,,0,0,40,30,35,85,0,0
211,Sender Intermediary Bank,USAA FEDERAL SAVINGS BANK,9800 FREDERICKSBURG ROAD ,SAN ANTONIO,TX,,,UNITED STATES OF AMERICA,100,0,0,0,,0,0,0,0,50,0,20,0
212,Sender,ALAIN SAMSON,2120 DERBY AVE CAPITOLA CA US 95010-2021,,,,,,90,0,0,0,,0,0,0,85,0,0,85,0
213,Originator To Beneficiary Information,INTERNAL TRANSFER,,,,,,,96,0,0,0,,0,0,0,0,0,0,0,0
214,Sender,DOMOTZ INC.,"120 EAST 13065 SOUTH WILMINGTON, DE  19801",,,,,,87,0,0,0,,50,0,20,0,0,0,0,0
215,Instructing FI,PING AN BANK CO LTD,"5047 SHENNAN EAST  ROAD 518001 SHENZHEN, CHINA",,,,,,100,0,50,85,"Compared PING with FUJIAN PROVINCIAL PINGTAN COUNTY OCEAN FISHING GROUP CO., LTD",0,40,0,30,40,85,0,15
216,Originator FI,PING AN BANK CO LTD,"5047 SHENNAN EAST  ROAD 518001 SHENZHEN, CHINA",,,,,,100,0,50,40,Googled,50,0,0,50,45,90,0,0
217,Sender's Bank,PING AN BANK CO LTD,"5047 SHENNAN EAST  ROAD 518001 SHENZHEN, CHINA",,,,,CHINA,100,20,0,0,,0,40,0,85,0,0,0,0
218,Ultimate Receiver,ZUO XIAN TECHNOLOGY LIMITED ADD:,"19H MAXGRAND PLAZA NO 3 TAI,YAU ST SAN PO KONG,KL, HONGKONG",,,,,,96,85,50,40,Googled,0,0,40,45,40,60,0,85
219,Reference for beneficiary,OREF72342420216,,,,,,,94,5,0,0,,0,0,0,80,0,0,0,0
220,Beneficiary FI,FW026014928, ,,,,,,100,10,0,0,,0,0,0,0,30,50,0,0
221,Reference for beneficiary,OW00004712907778,,,,,,,100,0,0,0,,0,0,0,0,0,0,0,0
222,Ultimate Receiver,FOLLOW ALICE LTD,99 PARK AVE NEW YORK,NY 10016,,,,,100,10,0,0,,0,0,0,0,50,40,85,85
223,Sender's Bank,PING AN BANK CO LTD,"5047 SHENNAN EAST  ROAD 518001 SHENZHEN, CHINA",,,,,CHINA,100,55,0,50,Compared City Shenzhen with SDN name Shenzhen Correct,50,0,85 (Compared PING and china combination),50,0,0,85,85
224,Instructing FI,PING AN BANK CO LTD,"5047 SHENNAN EAST  ROAD 518001 SHENZHEN, CHINA",,,,,,100,0,85,30,Compared Shenzhen. Correct,40,20,45,0,45,40,0,0
225,Originator FI,PING AN BANK CO LTD,"5047 SHENNAN EAST  ROAD 518001 SHENZHEN, CHINA",,,,,,100,60,85,0,,0,40,0,30,0,0,0,15
226,Ultimate Receiver,ZUO XIAN TECHNOLOGY LIMITED ADD:,"19H MAXGRAND PLAZA NO 3 TAI,YAU ST SAN PO KONG,KL, HONGKONG",,,,,,96,60,50,0,,50,20,0,85,40,80,0,0
227,Reference for beneficiary,OREF72342420227,,,,,,,94,0,0,0,,0,0,0,50,0,0,0,0
228,Instructing FI,PING AN BANK CO LTD,"5047 SHENNAN EAST  ROAD 518001 SHENZHEN, CHINA",,,,,,100,60,50,30,Compared Shenzhen. Correct,0,40,50,85,50,0,0,50
229,Originator FI,PING AN BANK CO LTD,"5047 SHENNAN EAST  ROAD 518001 SHENZHEN, CHINA",,,,,,100,60,50,30,Compared Shenzhen. Correct,40,0,0,0,0,90,30,0
230,Sender's Bank,PING AN BANK CO LTD,"5047 SHENNAN EAST  ROAD 518001 SHENZHEN, CHINA",,,,,CHINA,100,60,50,30,Compared Shenzhen. Correct,0,0,0,30,40,0,0,0
231,Ultimate Receiver,ZUO XIAN TECHNOLOGY LIMITED ADD:,"19H MAXGRAND PLAZA NO 3 TAI,YAU ST SAN PO KONG,KL, HONGKONG",,,,,,96,60,85,0,,0,0,45,0,45,0,0,85
232,Reference for beneficiary,OREF72342420220,,,,,,,94,0,0,0,,0,0,0,35,0,0,0,0
233,Ultimate Receiver,MAIN EVENT TRAVELCOM LIMITED,SUITE 1 3RD FLOOR 1112 ST JAMESS SQUARE,LONDON LONDON SW1Y4 GB,,,,,100,0,0,0,,0,0,0,85,0,0,0,0
234,Reference for beneficiary,OW00004713993783,,,,,,,100,0,0,0,,0,0,0,0,30,0,0,0
235,Sender,MARK VALENTINE,10012 BIDWELL CT LAS VEGAS,NV 89183,,,,,87,0,0,0,,50,40,85 (Compared Mark),85,40,50,85,0
236,Ultimate Receiver,NICHOLAS BECNEL,CHEMIN DE LA PIROTAINE 6 CHOULEX,GENEVA 1244 CH,,,,,100,0,35,0,,0,20,0,30,0,85,0,0
237,Reference for beneficiary,OW00004710788880,,,,,,,100,0,0,0,,0,0,0,0,0,0,0,0
238,Sender,ANDREW P BECNEL,1052 SOMERA RD LOS ANGELES,CA 90077,,,,,85,0,0,0,,0,40,85 (Compared Andrew),0,20,0,0,0
239,Reference for beneficiary,OW00004712627993,,,,,,,100,0,0,85,Compared OW00 with OOO Valcom,50,0,0,0,0,30,0,0
240,Sender,JOHN KIM,8648 EARL CREEK ST LAS VEGAS,NV 89178,,,,,93,0,45,0,,0,0,0,50,40,0,0,85
241,Ultimate Receiver,MICHAEL MARTINELLI,701 HILL ST GALENA,IL 61036,,,,,86,0,0,0,,50,0,0,0,35,85,0,0
242,Sender,BIZZABO INC.,50W 23RD ST 9TH FL NEW YORK NY 10010,,,,,,100,0,0,0,,0,40,0,85,0,0,85,0
243,Sender's Bank,VALLEY NATIONAL BANK,ACH DEPARTMENT 4TH FLOOR ,WAYNE,NJ,,,UNITED STATES OF AMERICA,100,0,0,0,,0,0,0,0,0,0,20,0
244,Originator To Beneficiary Information,BIZZABO   LTD,,,,,,,87,0,0,0,,0,0,20,80,50,0,85,50
245,Sender's Bank,VALLEY NATIONAL BANK,ACH DEPARTMENT 4TH FLOOR ,WAYNE,NJ,,,UNITED STATES OF AMERICA,100,0,0,0,,0,0,35,0,0,50,0,0
246,Sender's Bank,VALLEY NATIONAL BANK,ACH DEPARTMENT 4TH FLOOR ,WAYNE,NJ,,,UNITED STATES OF AMERICA,100,0,0,0,,0,0,0,0,0,0,0,0
247,Reference for beneficiary,OW00004709753059,,,,,,,100,0,0,85,False positive. Aplhanumeric match,0,25,0,50,0,0,0,0
248,Sender,BIZZABO INC.,50W 23RD ST 9TH FL NEW YORK NY 10010,,,,,,100,0,0,0,,0,0,35,30,40,40,0,0
249,Sender's Bank,VALLEY NATIONAL BANK,ACH DEPARTMENT 4TH FLOOR ,WAYNE,NJ,,,UNITED STATES OF AMERICA,100,0,0,0,,40,0,0,0,50,0,0,0
250,Reference for beneficiary,OW00004709847605,,,,,,,100,0,0,0,,0,0,0,0,0,0,0,0
251,Reference for beneficiary,OW00004713612966,,,,,,,100,0,0,0,,0,0,20,0,0,50,0,0
252,Originator To Beneficiary Information,SUMMER CAMP AND MISC,,,,,,,93,0,0,0,,0,0,0,0,0,0,0,0
253,Sender,KARRY INNOVATION ISRAEL LTD,25 CHEN BOULEVARD ST TEL AVIV,ISRAEL,,,,,100,20,0,0,,0,0,85 (Karry with Karya),45,40,0,0,50
254,Ultimate Receiver,GO WOMBAT OU,KESKLINNA LINNAOSA 671-13B TALLIN,ESTONIA,,,,,99,35,0,0,,0,0,0,0,0,0,0,0
255,Ultimate Receiver,MANTAOYA.LTD, ,,,,,,91,0,85,0,,50,35,0,50,50,85,25,40
256,Reference for beneficiary,OW00004714829280,,,,,,,100,10,0,30,Compared OW00 with OOO,50,0,0,0,0,30,0,0
257,Ultimate Receiver,JESHURUN HOFMANN,99 PARK AVE NEW YORK,NY 10016,,,,,100,0,0,0,,0,0,0,85,0,40,40,0
258,Reference for beneficiary,OW00004710724785,,,,,,,100,0,0,0,,0,0,0,35,0,0,85,0
259,Ultimate Receiver,NICHOLAS BECNEL,CHEMIN DE LA PIROTAINE 6 CHOULEX,GENEVA 1244 CH,,,,,100,15,0,0,,0,0,0,85,40,50,0,0
260,Sender,ANDREW P BECNEL,1052 SOMERA RD LOS ANGELES,CA 90077,,,,,85,0,0,0,,0,40,0,50,50,0,85,0
261,Reference for beneficiary,OW00004714526824,,,,,,,100,0,0,0,,0,0,0,0,0,0,85,0
262,Reference for beneficiary,OW00004711661479,,,,,,,100,10,0,0,,0,25,0,0,30,0,0,0
263,Originator To Beneficiary Information,SAH DUDE,,,,,,,87,0,0,0,,0,0,0,85,0,0,0,0
264,Sender,EVAN MORGAN,2467 N 119TH ST LAFAYETTE,CO 80026,,,,,85,0,0,0,,50,0,0,50,50,80,85,0
265,Ultimate Receiver,PETER JOHANSEN,1315 23RD ST S ARLINGTON,VA 22202,,,,,100,10,0,0,,0,0,85 (Compared Peter),85,0,0,0,0
266,Originator To Beneficiary Information,PETER,,,,,,,100,10,0,0,,50,0,60,85,50,0,0,0
267,Sender,PETER JOHANSEN,1315 23RD ST S ARLINGTON,VA 22202,,,,,100,0,0,0,,0,20,0,0,40,0,25,0
268,Reference for beneficiary,OW00004710349009,,,,,,,100,0,0,0,,0,25,0,0,0,35,0,0
269,Ultimate Receiver,TEVVO LLC,99 PARK AVE NEW YORK,NY 10016,,,,,100,10,0,0,,0,0,85 (Compared TEVVO with TOVASE),Score not found in list,0,85,0,85
270,Reference for beneficiary,OW00004714958633,,,,,,,100,0,0,30,Compred OW00 with OOO,0,0,0,0,0,0,0,0
271,Reference for beneficiary,OW00004714073725,,,,,,,100,0,10,0,,0,0,0,0,0,0,0,0
272,Sender,SASS INDUSTRIES INC.,994 REDMOND AVE SAN JOSE,CA 95120,,,,,90,0,0,95,,50,20,35,50,0,0,40,0
273,Reference for beneficiary,OW00004709944998,,,,,,,100,0,0,0,,0,0,0,0,30,0,0,0
274,Ultimate Receiver,ONLY RISING LTD,99 PARK AVE NEW YORK,NY 10016,,,,,100,45,0,0,,0,40,40,0,0,85,0,0
275,Sender,MISTY A ROBERTS,209 EMMA GILLEY DR CARROLLTON,GA 30116,,,,,85,0,0,0,,0,0,0,0,0,0,0,0
276,Reference for beneficiary,OW00004712779553,,,,,,,100,5,0,0,,0,0,0,0,0,0,0,0
277,Sender,ILIA DIMITROV,1831 W SELDON WAY PHOENIX,AZ 85021,,,,,87,0,45,0,,40,40,0,45,40,60,0,0
278,Reference for beneficiary,OW00004708547211,,,,,,,100,10,0,0,,0,0,0,0,30,0,85,0
279,Reference for beneficiary,OW00004712697187,,,,,,,100,0,0,0,,0,0,0,0,0,0,0,0
280,Sender,ADRIEN GUYE,310 S CHAPEL DR BRUNSWICK,GA 31525,,,,,85,10,0,0,,50,0,0,85,0,80,0,85
281,Originator FI,"CHARLES SCHWAB AND CO., INC.","SAN FRANCISCO,US 53202",,,,,,100,15,0,0,,0,0,0,0,0,0,0,0
282,Reference for beneficiary,ATS0000379906935,,,,,,,100,10,0,0,,0,0,0,30,0,0,0,0
283,Sender's Bank,"CHARLES SCHWAB AND CO., INC.","SAN FRANCISCO,US 53202",,,,,UNITED STATES OF AMERICA,97,0,0,0,,0,0,35,0,0,0,0,0
284,Ultimate Receiver,WAVESHARE INTERNATIONAL LIMITED,"3F, NO 428 BAGUALING INDUSTRIAL ZONE NANWAN STREET LONGGANG",DIST SHENZHEN CHINA,,,,,100,55,0,0,,0,40,0,0,0,0,85,85
285,Sender's Bank,AXIS BANK LIMITED,"SECTOR 54, GURGAON-846 GOLF COURSE ROAD",DELHI,IN,,,INDIA,100,0,0,0,,50,0,85 (AXIS Bank with Z AXIS LLC),0,0,50,0,0
286,Originator FI,AXIS BANK LIMITED,"SECTOR 54, GURGAON-846 GOLF COURSE ROAD",DELHI,IN,,,,100,0,0,0,,0,0,45,0,0,85,85,10
287,Reference for beneficiary,5051ARIM241432,,,,,,,100,0,0,0,,0,20,0,0,50,0,0,0
288,Sender,VVDN TECHNOLOGIES PRIVATE LIMITED,"GLOBAL INNOVATION PARK, SECTOR 8, IMT MANESAR",HR INDIA,,,,,91,0,0,0,,0,0,0,0,50,50,0,85
289,Instructing FI,EMIRATES NBD BANK PJSC,BANIYAS STREET DUBAI,AE,,,,,100,20,90,0,,0,40,0,0,0,50,20,0
290,Originator To Beneficiary Information,INVOICE 41,,,,,,,85,0,0,0,,50,0,25,0,30,0,0,0
291,Originator FI,HSBC BANK PLC RE HBUK, 8 CANADA SQUARE,LONDON GB,,,,,100,10,0,0,,40,0,0,0,40,0,0,0
292,Sender,MR JONATHAN LEE POPE,7 FINSTOCK ROAD LONDON W10 6LT  GB ,,,,,,100,0,0,0,,0,35,25,0,40,0,0,0
293,Sender's Bank,HSBC BANK PLC RE HBUK, 8 CANADA SQUARE,LONDON GB,,,,UNITED KINGDOM,100,15,85,0,,0,0,0,0,0,0,0,0
294,Originator To Beneficiary Information,FUNDING,,,,,,,91,0,5,0,,0,20,0,0,20,0,0,0
295,Reference for beneficiary,PET514933197,,,,,,,100,0,0,0,,0,0,40,0,50,35,0,30
296,Ultimate Receiver,HELMSMAN QUALITY AND TECHNOLOGY SER,VICES CO LTD ,,,,,,94,0,0,0,,40,0,85,45,45,80,85,0
297,Sender,SAMBRO INTERNATIONAL LIMITED T/AS S,AMBRO HARDYS GATE DUMERS LANE BURY BL9 9U,E LANCASHIRE/GB,,,,,92,0,0,0,,0,20,0,30,50,50,40,0
298,Originator To Beneficiary Information,ABA 026013356SAMBRO LTD,,,,,,,86,0,0,0,,0,0,0,50,0,0,0,0
299,Sender,PERFECT CARTEL LTD,STUDIO 115 / 91 BRICK LANE .,GB / LONDON / E1 6QL,,,,,100,45,0,45,Googled,50,45,0,30,0,0,85,0
300,Reference for beneficiary,PET196011197,,,,,,,100,0,0,0,Compared to Pakistan,95,0,0,80,0,0,0,0
301,Reference for beneficiary,PET535623197,,,,,,,100,0,0,0,,0,20,0,0,0,0,85,85
302,Sender,SANDEEP SINGH JASWAL,"48 CASTELNAU,BARNES,LONDON,GB,SW13 9EX",,,,,,100,0,0,40,Compared Sandeep Singh Choudary with Sandeep Singh Jaiswal,50,40,65,0,0,80,25,0
303,Originator To Beneficiary Information,"FFC: AIT INTERNATIONAL LIFESTYLES INVESTMENTS, ACC NO, 20001463. INV 24-05101/ROC/DMW-XZ67873-1",,,,,,,95,10,0,0,,0,0,0,50,40,0,85,0
304,Ultimate Receiver,1/GLOBAL BANK OF COMMERCE LIMITED,"2/HODGES BAY, SAINT JOHNS,,ANTIGUA, 2/ WEST INDIES, PO BOX 1348",3/AG/SAINT JOHNS,,,,,95,35,0,0,Googled,75,0,0,50,40,0,0,0
305,Originator To Beneficiary Information,INV# 0053,,,,,,,100,5,0,0,,0,0,0,0,30,0,0,0
306,Sender,COMPOSITE ADVANCED TECHNOLOGIES INC,DISBURSEMENT 7441 E OREM DR,HOUSTON TX 77075,,,,,100,0,0,0,,0,0,45,0,0,0,0,0
307,Reference for beneficiary,Q2GT5919517,,,,,,,100,0,0,0,,0,20,30,0,50,0,0,0
308,Sender's Bank,TEXAS CAPITAL BANK,SUITE 800 ,RICHARDSON,TX,,,UNITED STATES OF AMERICA,92,0,0,0,,0,40,0,0,50,0,0,0
309,Reference for beneficiary,604073046/1XXXXX,,,,,,,91,0,10,0,,50,0,0,0,0,0,0,0
310,Sender,DURHAM PLAZA SHOPPING CENTER LLC,"FBO MORGAN STANLEY BANK, N.A. 370 7TH AVE, STE 1600",NEW YORK NY             US 10001,,,,,100,25,0,0,,0,0,0,0,30,85,0,85
311,Sender,BRANDAO GOMES CO,R. PROJECTADA CB24 BISSAU BISSAU GNB,,,,,,93,0,85,60,Geographic Risk. Googled,0,0,40,0,0,50,0,85
312,Sender,GLOBAL-E US INC,"200 W 41ST ST. 9TH FLOOR  NEW YORK NY 10036, US",,,,,,100,35,30,0,,0,0,0,35,50,0,0,0
313,Receiver FI Information,PFT/,,,,,,,100,5,0,0,,0,0,0,85,0,0,0,0
314,Sender,ZANDKASTEEL FZCO,A2 DUBAI DIGITAL PARK DUBAI SILICON OASIS AE,,,,,,100,75,0,0,,0,20,35,0,40,0,0,0
315,Receiver FI Information,PFT/,,,,,,,100,0,0,0,,50,25,0,0,40,0,0,0
316,Originator To Beneficiary Information,INTER COMPANY TRANSFER,,,,,,,100,0,0,0,,50,0,85,50,0,0,0,0
317,Ultimate Receiver,ADVERTICA INTERNATIONAL FZE,RAKEZ AMENITY TOWER RAS AL KHAIMAH,UNITED ARAB EMIRATES,,,,,100,15,90,30,Googled,0,40,0,0,0,85,0,85
318,Sender,XD GROUP FZE,"COWORKING,BUSINESS CENTRE AE SHARJAH PUBLISHING CITY FREE Z",,,,,UNITED ARAB EMIRATES,100,85,55,30,Googled,75,20,0,0,40,0,85,50
319,Ultimate Receiver,1/PBM GROUP LTD,2/99 PARK AVENUE 4TH FLOOR 3/US/NEW YORK,,,,,,90,0,0,0,,0,0,40,0,50,80,0,0
320,Originator To Beneficiary Information,INVOICE NO. 1936,,,,,,,85,0,0,0,,0,0,85,0,30,0,0,0
321,Instructing FI,EMIRATES NBD BANK PJSC,BANIYAS STREET DUBAI,AE,,,,,100,0,0,0,,0,0,35,0,0,0,0,0
322,Ultimate Receiver,NICKOLAS SMITH,1988 COTTONWOOD AVE ,,,,,,100,0,0,0,,0,40,55,0,40,0,25,10
323,Ultimate Receiver,IDEASOFT SOLUTIONS LLC,KAUPMEHE 7-120 TALLINN,ESTONIA,,,,,100,0,0,0,,40,0,0,0,50,0,0,85
324,Sender,SECURITIZE ISRAEL LTD,APLAH 7 TEL AVIV 68167,ISRAEL,,,,,100,0,0,0,,0,0,0,0,40,80,0,30
325,Sender,ADI RAYA MANDIRI PT,CILANDAK PONDOK LABU RT 002 RW 00 ID INDONESIA PH62217663747,,,,,INDONESIA,100,60,85,0,,50,0,0,0,50,85,85,85
326,Ultimate Receiver,HAIYUE AUTOMATION CO LIMITED,"ADD. 8TH FLOOR,DAGUANGFA BUILDING,Z CHINA                 CN",,,,,,91,0,0,0,,0,40,0,0,0,60,0,0
327,Sender,FIDELITY STOCK PLAN SERVICES LLC,"499 WASHINGTON BLVD NJ6A JERSEY CITY, NJ",USA,7310,,,,92,0,0,0,,0,0,0,0,0,0,0,30
328,Sender,ASIAN DEVELOPMENT BANK,"6 ADB AVENUE, MANDALUYONG CITY 1550 METRO MANILA, PHILIPPINES",,,,,,100,25,0,0,,0,20,0,30,40,60,0,0
329,Ultimate Receiver,FEI YU,"4000 HARRISON ST NW, WASHINGTON DC UNITED STATES",,,,,,100,0,85,85,"Compared Fei Yu with Wu, Yi Xuan",0,0,0,45,0,0,0,0
330,Sender,GLANCE INMOBI PTE. LTD.,"160,ROBINSON ROAD SINGAPORE,CENTRAL SINGAPORE,06891",4  SG,,,,,100,0,0,0,,50,0,40,85,0,0,85,0
331,Ultimate Receiver,WOWKIO ECOM LIMITED,"99 PARK AVENUE 4TH FLOOR  NEW YORK, NY 10016",,,,,,100,0,0,45,Googled,0,40,40,35,40,50,0,0
332,Sender,LASMIR ECOM LIMITED,"ROOM D5, 5/F, KING YIP FACTORY BUIL DING, NO. 59 KING YIP STREET, KWUN",,,,,,99,80,0,0,,0,0,0,40,0,0,85,85
333,Originator FI,"AUS MERCHANT SERVICES, INC.","400 SOUTH EL CAMINO REAL,4F, SAN MA TEO,CA USA",US,,,,,92,0,0,0,,50,20,85,85,0,0,0,0
334,Sender's Bank,"AUS MERCHANT SERVICES, INC.","400 SOUTH EL CAMINO REAL,4F, SAN MA TEO,CA USA",US,,,,,92,0,0,20,safe check,0,0,40,0,0,0,0,0
335,Sender,INMOBI PTE LTD,"160,ROBINSON ROAD SINGAPORE,CENTRAL SINGAPORE,06891",4  SG,,,,,100,0,0,0,,0,0,0,30,0,85,0,10
336,Ultimate Receiver,HIGAME LTD, ,,,,,,87,50,0,0,,0,35,0,0,40,80,85,85
337,Ultimate Receiver,1/SHENZHEN NORMAND ELECTRONIC CO.LT,"1/D 2/ADD4F,2 BUILDING,HUAFENGZHENBAO",3/CN/518108 SHIYAN TOWN, BAOAN,,,,91,80,85,65,compared based on Shenzhen,60,0,0,0,45,40,0,0
338,Sender,GEBERICH OU,"LAEVA TN 2,10111 EE TALLINN, HARJU MAAKOND",,,,,ESTONIA,100,0,0,0,,0,0,20,0,40,40,0,0
339,Ultimate Receiver,WW DELIVERY LTD,"GBR SUITE 7090 128 ALDERSGATE STREE T, BARBICAN, LONDON EC1A 4AE",,,,,,95,0,0,0,,50,0,0,0,50,0,0,40
340,Sender,SECURITIZE ISRAEL LTD,APLAH 7 TEL AVIV 68167,ISRAEL,,,,,100,0,0,0,,0,0,0,85,50,0,0,0
341,Ultimate Receiver,IDEASOFT SOLUTIONS LLC,KAUPMEHE 7-120 TALLINN,ESTONIA,,,,,100,0,50,0,,40,0,85,85,40,0,0,50
342,Sender,KORNIT DIGITAL LTD,"12,AFEK PARK,AMAL ROSH HA-AIN",HAMERKAZ,4809245,,,,90,25,0,0,,0,40,45,50,0,50,0,0
343,Sender,GLOBALE UK LTD,"154,CLERKENWELL ROAD LONDON,LONDON, CITY OF,EC1R 5AB",GB,,,,,100,0,0,0,,50,0,0,0,40,0,0,50
344,Originator To Beneficiary Information,MESH 06.24,,,,,,,100,0,0,0,,0,0,0,85,0,0,0,0
345,Sender,APPSFLYER FRANCE SAS,"16-18,RUE DE LONDRES,PARIS,75009 PARIS,FR",,,,,,100,0,20,0,,0,20,35,0,40,0,85,0
346,Ultimate Receiver,"HONGKONG RUI TENGDA TECHNOLOGY CO.,","LIMITED ADD: RM 2902A 29 HO KING COMMCTR 2 16,FA YUEN ST MONGKOK KL,",HONGKONG,,,,,97,80,0,40,Geographic Risk. Googled,0,0,0,45,0,60,25,85
347,Ultimate Receiver,"HONGKONG RUI TENGDA TECHNOLOGY CO.,",LIMITED ADD: RM 2902A 29F HO KING COMM CTR 2 16 FA YUEN ST MONGKOK,KL, HONGKONG,,,,97,80,0,0,,50,40,0,30,45,0,0,85
348,Reference for beneficiary,2024GHO1,,,,,,,100,0,0,0,,50,20,35,0,30,50,0,0
349,Originator FI,BNP PARIBAS PARIS,16 BOULEVARD DES ITALIENS 75009 PARIS FR //FR,,,,,,100,0,0,0,,0,0,0,0,0,85,85,0
350,Sender's Bank,BNP PARIBAS PARIS,16 BOULEVARD DES ITALIENS 75009 PARIS FR //FR,,,,,FRANCE,100,10,0,0,,0,0,0,0,0,0,0,0
351,Instructing FI,BNP PARIBAS PARIS,16 BOULEVARD DES ITALIENS 75009 PARIS FR //FR,,,,,,100,0,20,0,,0,0,35,0,50,0,85,0
352,Originator To Beneficiary Information,2024-GHO-1//,,,,,,,100,0,0,0,,50,20,0,0,0,50,0,0
353,Sender,GAMINHO,2/51 QUAI JOSEPH GILLET 3/FR/69004 LYON,,,,,,88,0,85,0,,0,0,85,0,30,40,0,85
354,Sender,BUSINESS TELECOMMUNICATIONS SERVICE,S INC 2620 SW 27TH AVE,MIAMI                FL/US,,,,,100,0,0,0,,0,0,0,0,0,0,0,85
355,Ultimate Receiver,CORNWALL TELECOM LIMITED, ,,,,,,88,0,85,0,,0,35,0,0,0,0,0,10
356,Instructing FI,BNP PARIBAS PARIS,16 BOULEVARD DES ITALIENS 75009 PARIS FR //FR,,,,,,100,0,0,0,,0,0,15,0,0,0,0,0
357,Originator FI,BNP PARIBAS PARIS,16 BOULEVARD DES ITALIENS 75009 PARIS FR //FR,,,,,,100,25,35,0,,40,0,0,0,0,0,0,0
358,Sender's Bank,BNP PARIBAS PARIS,16 BOULEVARD DES ITALIENS 75009 PARIS FR //FR,,,,,FRANCE,100,0,0,0,,0,0,0,0,0,85,0,0
359,Sender,YSO CORP,2/2 RUE MALLEVILLE 3/FR/95880 ENGHIEN LES BAINS,,,,,,88,10,0,45,false positive,0,0,45,30,40,40,0,0
360,Originator To Beneficiary Information,TU-24370,,,,,,,100,0,0,0,,0,25,0,85,30,35,0,0
361,Sender's Bank,HSBC HONG KONG,GENERAL REMITTANCE ATTN: MGR BOOKS PO BOX 64,HONG KONG HONG KONG,,,,HONG KONG,100,0,75,45,compared hong kong,40,0,25,0,0,80,0,0
362,Originator FI,HSBC HONG KONG,GENERAL REMITTANCE ATTN: MGR BOOKS PO BOX 64,HONG KONG HONG KONG,,,,,93,65,90,45,compared hong kong,75(googled),0,0,0,0,85,0,0
363,Originator To Beneficiary Information,DAY 2 DAY,,,,,,,100,0,45,0,,40,0,0,85,45,40,0,0
364,Ultimate Receiver,ANDREW NICHOLS,16 LAWRENCE STREET LONDON                   SW35NE  GB,,,,,,100,0,20,0,,0,20,0,50,20,0,0,0
365,Sender,"ANDREW B NICHOLS, JOANA ELIZABETH R",ODGERS: 16 LAWRENCE STREET LONDON S W3 5NE UNITED KINGDOM/GB,,,,,,100,0,0,0,,0,35,35,0,40,0,0,0
366,Originator To Beneficiary Information,TRANSFERRING BETWEEN OWN ACCOUNTS,,,,,,,92,0,0,0,,0,20,0,0,0,0,0,0
367,Sender,EPICOR SOFTWARE (SEA) PTE. LTD.,238A THOMSON ROAD 23-06 NOVENA SQUARE,SINGAPORE 307684/SG,,,,,100,0,0,40,Googled,0,0,0,0,0,0,85,0
368,Sender's Bank,"HSBC BANK, SINGAPORE",ATN CENTRAL FINANCE FINANCE CHANGE AND OPS ROBINSON ROAD PO BOX 896,SINGAPORE 901746,,,,SINGAPORE,100,0,0,50,false positive,0,0,0,0,0,0,85,0
369,Ultimate Receiver,STACK CREATIONS,99 PARK AVENUE 4TH FLOOR NEW YORK NY 10016,USA,,,,,97,0,0,10,,50,0,40,30,0,0,0,40
370,Originator FI,"HSBC BANK, SINGAPORE",ATN CENTRAL FINANCE FINANCE CHANGE AND OPS ROBINSON ROAD PO BOX 896,SINGAPORE 901746,,,,,93,0,50,35,Compared Singapore,0,35,15,0,50,0,0,85
371,Sender's Bank,"HSBC BANK, SINGAPORE",ATN CENTRAL FINANCE FINANCE CHANGE AND OPS ROBINSON ROAD PO BOX 896,SINGAPORE 901746,,,,SINGAPORE,100,15,0,0,,0,0,0,0,0,0,85,0
372,Ultimate Receiver,LIANQIAO MEDIA HONGKONG LIMITED,US ,,,,,,100,80,80,50,Googled,0,35,0,50,0,60,95,0
373,Sender,VIZTA PTE. LTD.,"9 BATTERY ROAD 28-01, MYP CENTRE",SINGAPORE, 049910/SG,,,,100,15,0,0,,0,0,0,0,45,0,0,0
374,Originator FI,"HSBC BANK, SINGAPORE",ATN CENTRAL FINANCE FINANCE CHANGE AND OPS ROBINSON ROAD PO BOX 896,SINGAPORE 901746,,,,,93,0,0,0,,0,0,0,0,0,0,0,0
375,Originator To Beneficiary Information,D32407120191MARKETING PROMOTION,,,,,,,90,0,0,85,Partial Match. Correct,50,0,0,35,50,0,0,0
376,Sender's Bank,HSBC HONG KONG,GENERAL REMITTANCE ATTN: MGR BOOKS PO BOX 64,HONG KONG HONG KONG,,,,HONG KONG,100,80,90,85,,40,0,40,0,40,0,0,30
377,Originator FI,HSBC HONG KONG,GENERAL REMITTANCE ATTN: MGR BOOKS PO BOX 64,HONG KONG HONG KONG,,,,,93,80,0,0,,0,35,0,0,0,0,0,50
378,Originator To Beneficiary Information,TEST,,,,,,,100,0,0,0,,0,20,0,0,0,50,0,0
379,Ultimate Receiver,KIERON COLACO,3833 DUNLAVY STREET HOUSTONTEXAS             77006   US,,,,,,85,0,0,0,,0,0,0,30,50,85,0,85
380,Sender,VIZTA PTE. LTD.,"9 BATTERY ROAD 28-01, MYP CENTRE",SINGAPORE, 049910/SG,,,,100,0,50,45,Compared Singapore,40,0,0,85,0,0,0,50
381,Ultimate Receiver,LIANQIAO MEDIA HONGKONG LIMITED,US ,,,,,,100,0,0,30,Googled,0,0,0,0,0,40,25,15
382,Sender's Bank,"HSBC BANK, SINGAPORE",ATN CENTRAL FINANCE FINANCE CHANGE AND OPS ROBINSON ROAD PO BOX 896,SINGAPORE 901746,,,,SINGAPORE,100,0,0,0,,0,0,35,0,0,0,0,0
383,Originator FI,"HSBC BANK, SINGAPORE",ATN CENTRAL FINANCE FINANCE CHANGE AND OPS ROBINSON ROAD PO BOX 896,SINGAPORE 901746,,,,,93,0,0,0,,0,0,0,0,0,0,0,0
384,Originator To Beneficiary Information,D32407120209MARKETING PROMOTION,,,,,,,90,10,0,20,Partial Match. Correct,0,0,0,0,0,0,0,0
385,Ultimate Receiver,JULI FAIRCLOUGH DAVIS,US ,,,,,,100,0,35,0,,50,35,0,30,0,0,0,0
386,Sender's Bank,HSBC BANK INTERNATIONAL LTD JERSEY,USD CLEARING ACCOUNT 28-34 HILL STREET,ST HELIER JERSEY CHANNEL ISLANDS,,,,JERSEY,100,0,0,45,Googled,40,0,15,0,50,80,0,0
387,Sender Intermediary Bank,BANK OF AMERICA N.A.,P.O. BOX 27025 ,RICHMOND,VA,,,UNITED STATES OF AMERICA,93,0,20,0,,0,0,35,0,50,0,85,0
388,Sender's Bank,SANTANDER BANK POLSKA SA USD NOSTR,ALEJA JANA PAWLA II 17 WARSAW POLAND 00854,,,,,POLAND,92,0,0,0,,0,30,0,0,0,0,0,0
389,Originator FI,SANTANDER BANK POLSKA SA USD NOSTR,ALEJA JANA PAWLA II 17 WARSAW POLAND 00854,,,,,,92,0,0,0,,0,0,15,0,0,0,0,50
390,Ultimate Receiver,QUANZHOU HOWFUN IMPORT AND EXPORT T,RADING CO LTD ,,,,,,88,80,0,82,Matched based on word import and export,50,40,45,85,0,0,95,0
391,Reference for beneficiary,14443328480HC,,,,,,,100,0,0,0,,0,20,85,0,0,0,0,0
392,Sender Intermediary Bank,BANK OF AMERICA N.A.,P.O. BOX 27025 ,RICHMOND,VA,,,UNITED STATES OF AMERICA,93,0,0,0,,0,0,0,0,0,0,85,0
393,Ultimate Receiver,FLYRON TECHNOLOGY LIMITED,FENGGANG ROAD .,GUANGDONG,,,,,92,0,55,0,,60,40,0,85,40,40,0,0
394,Originator To Beneficiary Information,FLN240706K01 PO1018286,,,,,,,87,0,20,0,,0,0,0,50,0,50,0,0
395,Ultimate Receiver,1/LEAFI MEDIA,"2/PHONG 301, S 110 LINH LANG, PH NG 2/ C NG V , QU N BA INH, THANH PH +",3/VN/HANOI,10000+,,,,100,80,0,82,Company Structure Matching,50,0,45,0,50,0,0,0
396,Sender's Bank,SOCIETE GENERALE,"17 COURS VALMY PUTEAUX,FR 92972",,,,,FRANCE,100,0,0,0,,0,0,0,0,0,0,25,0
397,Originator FI,SOCIETE GENERALE,"17 COURS VALMY PUTEAUX,FR 92972",,,,,,100,0,0,35,safe check,0,0,0,30,0,0,0,0
398,Sender Intermediary Bank,BANK OF AMERICA N.A.,P.O. BOX 27025 ,RICHMOND,VA,,,UNITED STATES OF AMERICA,93,0,0,0,,40,0,0,0,0,0,0,0
399,Instructing FI,BANK OF AMERICA NA - 6008,1 ALIE STREET P.O. BOX 407,LONDON EC4P 4HN ENGLAND,,,,,93,0,0,55,Company Structure,0,0,35,0,0,0,0,0
400,Sender,BELIEVE INTERNATIONAL,"5 PLACE DE LA GARE LU LUXEMBOURG,1616",,,,,LUXEMBOURG,90,35,0,0,,0,35,0,85,40,85,0,0
401,Originator To Beneficiary Information,AHR2024/07/04,,,,,,,100,0,0,10,,50,25,0,80,0,0,0,0
402,Beneficiary FI,METROPOLITAN COMMERCIAL BANK,"NEW YORK, NY ",,,,,,100,0,0,0,,0,20,0,0,40,80,0,85
403,Sender Intermediary Bank,BANK OF AMERICA N.A.,P.O. BOX 27025 ,RICHMOND,VA,,,UNITED STATES OF AMERICA,93,0,0,0,,0,0,0,0,0,0,0,0
404,Sender,ALEXISHR AB,SODER MALARSTRAND 65 /SE/11825  STOCKHOLM,,,,,,93,0,0,0,,0,0,0,35,0,85,0,0
405,Sender's Bank,BANK HAPOALIM B.M.,"50 ROTHSCHILD BLVD (65124) TEL AVIV, ISRAEL 61013",,,,,ISRAEL,100,0,0,40,Googled,0,0,35,0,50,0,85,0
406,Beneficiary,FBO MESH PAYMENTS POOLEDF,2/BROADWAY 26 3/US/NEW YORK 10016 NY,,,,,UNITED STATES OF AMERICA,100,0,0,20,safe check,0,35,0,30,30,0,0,0
407,Originator FI,BANK HAPOALIM B.M.,"50 ROTHSCHILD BLVD (65124) TEL AVIV, ISRAEL 61013",,,,,,100,25,0,0,,0,0,20,50,0,0,0,0
408,Sender,AMPLICATION LTD,YITZHAK SADE 8 IL TEL AVIV 6777508,,,,,ISRAEL,100,0,0,85,Company Structure. Compared analog and amplication,50,0,45,85,50,40,0,0
409,Sender Intermediary Bank,BANK OF AMERICA N.A.,P.O. BOX 27025 ,RICHMOND,VA,,,UNITED STATES OF AMERICA,93,0,0,0,,0,0,15,0,0,0,0,0
410,Sender,COHO AI LTD,ITZHAK SADE 8 IL TEL AVIV 6777508,,,,,ISRAEL,100,0,0,45,Company Structure,0,20,0,0,45,50,85,0
411,Sender's Bank,BANK HAPOALIM B.M.,"50 ROTHSCHILD BLVD (65124) TEL AVIV, ISRAEL 61013",,,,,ISRAEL,100,0,0,35,Googled,0,30,40,0,50,0,0,0
412,Beneficiary,FBO MESH PAYMENTS POOLEDF,2/BROADWAY 3/US/NEW YORK  NY,,,,,UNITED STATES OF AMERICA,100,0,0,0,,0,0,0,0,0,0,85,15
413,Sender Intermediary Bank,BANK OF AMERICA N.A.,P.O. BOX 27025 ,RICHMOND,VA,,,UNITED STATES OF AMERICA,93,0,0,0,,40,0,0,0,0,0,0,0
414,Originator To Beneficiary Information,2406275559 RP-12861 2406255543 RP-12836 2406255544 RP-12818,,,,,,,100,0,0,0,,0,0,0,0,0,0,0,0
415,Ultimate Receiver,SHENZHEN SUNSKY TECHNOLOGY LIMITED,"8F, NO.614 BUILDING, BAGUA 1ST ROAD FUTIAN DISTRICT, SHENZHEN",,,,,,98,85,0,0,,0,0,85,85,40,40,0,85
416,Sender Intermediary Bank,BANK OF AMERICA N.A.,P.O. BOX 27025 ,RICHMOND,VA,,,UNITED STATES OF AMERICA,93,0,30,0,,40,30,0,0,0,0,0,0
417,Sender Intermediary Bank,BANK OF AMERICA N.A.,P.O. BOX 27025 ,RICHMOND,VA,,,UNITED STATES OF AMERICA,93,15,0,0,,0,0,0,0,0,0,0,0
418,Sender's Bank,PKO BANK POLSKI S.A.,"UL. PULAWSKA 15 WARSZAWA,PL 02-515",,,,,POLAND,92,0,0,0,,0,0,0,0,50,85,0,50
419,Originator FI,PKO BANK POLSKI S.A.,"UL. PULAWSKA 15 WARSZAWA,PL 02-515",,,,,,92,0,0,10,,0,0,0,50,60,0,25,85
420,Sender Intermediary Bank,BANK OF AMERICA N.A.,P.O. BOX 27025 ,RICHMOND,VA,,,UNITED STATES OF AMERICA,93,0,0,0,,0,0,0,0,0,80,0,85
421,Originator FI,DANSKE BANK A/S,(FRMLY:DEN DANSKE BK AKTIESELSKAB) 12 HOLMES KANAL DK 1092,COPENHAGEN, DENMARK,,,,87,0,0,0,,40,30,0,0,0,40,0,50
422,Sender's Bank,DANSKE BANK A/S,(FRMLY:DEN DANSKE BK AKTIESELSKAB) 12 HOLMES KANAL DK 1092,COPENHAGEN, DENMARK,,,DENMARK,87,0,0,35,Googled,0,0,0,0,0,80,0,0
423,Originator To Beneficiary Information,INVOICE: 3977,,,,,,,87,0,0,0,,50,0,85,0,30,0,0,0
424,Sender,SMILE HAIR SAGLIK HIZMETLERI VE,"TATLISU MAH. ALPTEKIN CAD. B BLOK TR ISTANBUL , 034000",,,,,TURKEY,100,80,0,0,,0,0,45,30,0,0,0,40
425,Reference for beneficiary,1458RI400179,,,,,,,100,0,0,0,,0,0,0,0,0,0,0,0
426,Ultimate Receiver,BOOKIMED LIMITED,"NEW YORK,NY ",,,,,,100,0,0,0,,0,0,0,0,50,0,0,0
427,Instructing FI,TURKIYE IS BANKASI AS,"IS KULELERI, LEVENT ISTANBUL, TURKEY",,,,,,100,15,0,0,,40,0,35,0,0,0,0,0
428,Sender's Bank,TURKIYE IS BANKASI A.S.,"(LC`S, COLLECTIONS AND TREASURY TRA NSACTIONS)",ISTANBUL,TR,,,TURKEY,100,80,0,0,,0,0,0,0,40,0,85,85
429,Originator FI,TURKIYE IS BANKASI A.S.,"(LC`S, COLLECTIONS AND TREASURY TRA NSACTIONS)",ISTANBUL,TR,,,,95,0,0,0,,75,0,0,35,0,0,0,0
430,Originator To Beneficiary Information,INVOICE 5875,,,,,,,85,0,0,0,,0,25,85,0,30,0,0,0
431,Sender's Bank,STANDARD CHARTERED BANK KOREA,"LIMITED 47 CHONGRO, CHONGRO-GU",SEOUL, KOREA,,,THE REPUBLIC OF KOREA ,100,0,0,40,Googled,0,0,45,35,0,0,0,50
432,Reference for beneficiary,DT461R786591,,,,,,,100,5,0,0,,0,20,0,50,0,50,0,0
433,Sender,NAVER FINANCIAL CORPORATION,"95 JEONGJAIL-RO, BUNDANG-GU, SEONGNAM-SI, GYEONGGI-DO",/SOUTH KOREA,,,,,100,25,0,0,,50,0,40,0,40,0,85,85
434,Originator FI,STANDARD CHARTERED BANK KOREA,"LIMITED 47 CHONGRO, CHONGRO-GU",SEOUL, KOREA,,,,90,0,0,0,,40,40,0,0,40,85,25,0
435,Instructing FI,STANDARD CHARTERED BANK KOREA,"LIMITED 47 CHONGRO, CHONGRO-GU",SEOUL, KOREA,,,,90,85,0,0,,0,0,0,0,50,0,0,0
436,Ultimate Receiver,Z ORGIN UNITED INC,"12207 418 BROADWAY STE R, 418 BROAD WAY STE R, ALBANY, NY, UNITED STATE",/UNITED STATES,,,,,85,0,0,0,,0,0,0,30,0,50,0,0
437,Sender's Bank,CIMB ISLAMIC BANK BERHAD,"MENARA CIMB JALAN STESEN SENTRAL 2, KL SENTRAL",KUALA LUMPUR,MY,,,MALAYSIA,100,0,0,82,False Positive. Matched based on country,0,0,45,85,50,0,0,40
438,Sender,NAVER FINANCIAL CORPORATION,"95 JEONGJAIL-RO, BUNDANG-GU, SEONGNAM-SI, GYEONGGI-DO",/SOUTH KOREA,,,,,100,0,0,0,,50,35,0,0,0,0,85,0
439,Reference for beneficiary,DT461R786580,,,,,,,100,0,0,0,,50,20,0,0,0,0,0,0
440,Sender's Bank,STANDARD CHARTERED BANK KOREA,"LIMITED 47 CHONGRO, CHONGRO-GU",SEOUL, KOREA,,,THE REPUBLIC OF KOREA ,100,10,0,85,Googled. Reason - Goegraphical proximity to north korea,75,0,0,0,60,0,0,0
441,Originator FI,STANDARD CHARTERED BANK KOREA,"LIMITED 47 CHONGRO, CHONGRO-GU",SEOUL, KOREA,,,,90,0,0,85,Googled. Reason - Goegraphical proximity to north korea,0,0,0,0,0,85,0,50
442,Instructing FI,STANDARD CHARTERED BANK KOREA,"LIMITED 47 CHONGRO, CHONGRO-GU",SEOUL, KOREA,,,,90,0,50,35,googled,40,0,0,0,50,0,0,45
443,Sender Intermediary Bank,CITIBANK NA,1 PENNS WAY ,NEW CASTLE,DE,,,UNITED STATES OF AMERICA,85,0,0,0,,0,0,0,0,0,0,0,0
444,Sender,NAVER FINANCIAL CORPORATION,"95 JEONGJAIL-RO, BUNDANG-GU, SEONGNAM-SI, GYEONGGI-DO",/SOUTH KOREA,,,,,100,0,0,0,,50,35,0,85,40,0,85,0
445,Sender's Bank,STANDARD CHARTERED BANK KOREA,"LIMITED 47 CHONGRO, CHONGRO-GU",SEOUL, KOREA,,,THE REPUBLIC OF KOREA ,100,0,0,0,,0,40,0,50,40,50,0,85
446,Sender's Bank,STANDARD CHARTERED BANK KOREA,"LIMITED 47 CHONGRO, CHONGRO-GU",SEOUL, KOREA,,,THE REPUBLIC OF KOREA ,100,10,90,15,safe check,75,40,0,30,0,50,0,0
447,Sender,NAVER FINANCIAL CORPORATION,"95 JEONGJAIL-RO, BUNDANG-GU, SEONGNAM-SI, GYEONGGI-DO",/SOUTH KOREA,,,,,100,25,0,0,,0,35,0,30,0,80,25,85
448,Reference for beneficiary,DT461R786593,,,,,,,100,0,0,0,,50,0,0,0,0,0,0,0
449,Originator FI,STANDARD CHARTERED BANK KOREA,"LIMITED 47 CHONGRO, CHONGRO-GU",SEOUL, KOREA,,,,90,0,0,0,,50,0,0,0,40,0,0,0
450,Instructing FI,STANDARD CHARTERED BANK KOREA,"LIMITED 47 CHONGRO, CHONGRO-GU",SEOUL, KOREA,,,,90,0,0,0,,0,0,0,0,0,0,0,40
451,Reference for beneficiary,DT461R786582,,,,,,,100,0,0,0,,0,0,0,0,0,0,10,0
452,Sender,NAVER FINANCIAL CORPORATION,"95 JEONGJAIL-RO, BUNDANG-GU, SEONGNAM-SI, GYEONGGI-DO",/SOUTH KOREA,,,,,100,0,0,35,Company Structure Matching,50,40,0,30,50,40,85,85
453,Sender's Bank,STANDARD CHARTERED BANK KOREA,"LIMITED 47 CHONGRO, CHONGRO-GU",SEOUL, KOREA,,,THE REPUBLIC OF KOREA ,100,0,0,85,Googled. Reason - Goegraphical proximity to north korea,0,40,0,50,0,50,0,85
454,Originator FI,STANDARD CHARTERED BANK KOREA,"LIMITED 47 CHONGRO, CHONGRO-GU",SEOUL, KOREA,,,,90,0,30,15,safe check,75,0,0,0,40,0,85,0
455,Instructing FI,STANDARD CHARTERED BANK KOREA,"LIMITED 47 CHONGRO, CHONGRO-GU",SEOUL, KOREA,,,,90,0,0,0,,0,0,0,0,0,0,0,50
456,Sender's Bank,"SABB,DABAB STREET, RIYADH",SA ,,,,,,100,0,0,0,,75,0,0,35,0,80,0,45
457,Originator FI,"SABB,DABAB STREET, RIYADH",SA ,,,,,,100,0,0,0,,0,0,0,0,0,0,0,0
458,Sender,AFAQ QTECH GENERAL TRADING CO,3627 NA KING KHALID AI SA,,,,,,100,40,0,0,,50,20,0,0,50,0,0,0
459,Sender Intermediary Bank,BANK OF AMERICA N.A.,P.O. BOX 27025 ,RICHMOND,VA,,,UNITED STATES OF AMERICA,93,0,0,0,,40,0,0,0,0,0,0,0
460,Sender,APPSFLYER UK LTD,87-91 NEWMAN STREET LONDON W1T 3EY GB,,,,,,100,0,0,0,,0,35,0,0,40,0,0,0
461,Originator FI,HSBC BANK PLC RE HBUK, 8 CANADA SQUARE,LONDON GB,,,,,100,0,0,0,,0,10,0,0,40,0,85,85
462,Sender's Bank,HSBC BANK PLC RE HBUK, 8 CANADA SQUARE,LONDON GB,,,,UNITED KINGDOM,100,25,0,0,,20,0,0,0,50,0,0,10
463,Originator FI,HSBC BANK PLC RE HBUK, 8 CANADA SQUARE,LONDON GB,,,,,100,0,20,0,,0,0,45,0,50,0,0,0
464,Sender's Bank,HSBC BANK PLC RE HBUK, 8 CANADA SQUARE,LONDON GB,,,,UNITED KINGDOM,100,15,0,0,,0,30,0,0,0,85,0,0
465,Sender,CHECKMARX UK LIMITED,C/O EA CHARTERED ACCOUNTANTS 869 HI GH ROAD LONDON N12 8QA GB,,,,,,100,0,0,0,,50,0,0,0,0,0,0,0
466,Sender's Bank,HSBC UK BANK PLC,ALPHABETA 14-18 FINSBURY SQUARE,LONDON,,,,UNITED KINGDOM,93,0,0,0,,40,0,0,85,0,0,0,0
467,Originator FI,HSBC BANK PLC RE HBUK, 8 CANADA SQUARE,LONDON GB,,,,,100,0,0,0,,40,10,0,0,0,80,0,0
468,Sender's Bank,HSBC BANK PLC RE HBUK, 8 CANADA SQUARE,LONDON GB,,,,UNITED KINGDOM,100,0,0,0,,0,0,0,30,0,0,0,0
469,Ultimate Receiver,TADD INFLIGHT LIMITED,5 ST BRIDES STREET EC4A 4AS LONDON 5 ST BRIDES STREET GB,,,,,,100,10,0,0,,0,35,0,0,40,50,0,0
470,Originator To Beneficiary Information,IE04-1500189028,,,,,,,100,0,0,0,,0,0,0,50,0,0,0,0
471,Beneficiary,QUALITY TRANSLATIONS LLC,225 W 34TH ST STE 403   ,NEW YORK,NY,,,UNITED STATES OF AMERICA,85,0,20,0,,30,0,85,0,0,0,25,10
472,Sender's Bank,HSBC HONG KONG,GENERAL REMITTANCE ATTN: MGR BOOKS PO BOX 64,HONG KONG HONG KONG,,,,HONG KONG,100,80,0,0,,75,10,0,0,50,0,0,0
473,Originator FI,HSBC HONG KONG,GENERAL REMITTANCE ATTN: MGR BOOKS PO BOX 64,HONG KONG HONG KONG,,,,,93,80,0,0,,0,0,0,0,0,80,85,0
474,Sender,SEA WEALTH TRADING LIMITED T/A,"WELLS TRADING COMPANY , CHARM CENTRE, 700 CASTLE PEAK ROA",D, KOWLOON,,,,92,80,0,0,,0,40,0,85,40,0,0,0
475,Reference for beneficiary,AZNA419303674000,,,,,,,93,0,0,0,,50,0,35,50,0,0,0,30
476,Originator FI,COMMERZBANK AG,"NESS 7-9 HAMBURG,DE 20457",,,,,,93,15,0,0,,0,30,0,0,0,0,0,85
477,Sender Intermediary Bank,BANK OF AMERICA N.A.,P.O. BOX 27025 ,RICHMOND,VA,,,UNITED STATES OF AMERICA,93,0,0,0,,0,0,0,0,0,0,0,0
478,Sender's Bank,COMMERZBANK AG,"NESS 7-9 HAMBURG,DE 20457",,,,,GERMANY,93,0,0,0,,0,0,0,0,50,0,0,0
479,Instructing FI,COMMERZBANK AG FRANKFURT,"KAISERPLATZ 60311 FRANKFURT, GERMANY",,,,,,91,0,35,0,,0,0,0,0,0,0,0,0
480,Sender,MR YOU YU,"ROOM 7A2303 T7A ZUO YIFANGZHONGXIN, YIFANG JIUYU BAOHUALU 288, BAOAN",SHENZHEN, CHINA,,,,100,0,0,0,,50,0,0,45,0,85,0,0
481,Sender's Bank,HANG SENG BANK LIMITED,"83 DES VOEUX ROAD CENTRAL CENTRAL,HK 13330",,,,,HONG KONG,100,80,75,50,Hong Kong. Should be 85 or 100,75,0,0,50,0,45,0,0
482,Instructing FI,HANG SENG BANK LIMITED  (O),22 F HANG SENG BK BLG 83 DES VOEUX RD CENTRAL,HONG KONG, HONG KONG,,,,96,0,0,0,,40,35,0,35,0,85,25,0
483,Sender Intermediary Bank,BANK OF AMERICA N.A.,P.O. BOX 27025 ,RICHMOND,VA,,,UNITED STATES OF AMERICA,93,0,20,0,,0,0,35,0,0,0,0,0
484,Originator FI,HANG SENG BANK LIMITED,"83 DES VOEUX ROAD CENTRAL CENTRAL,HK 13330",,,,,,91,80,0,0,,0,0,0,0,0,0,0,0
485,Instructing FI,FIRST ABU DHABI BANK PJSC,ABU DHABI UNITED ARAB EMIRATES,,,,,,100,0,0,0,,50,10,0,0,40,0,85,0
486,Originator FI,FIRST ABU DHABI BANK PJSC,ABU DHABI UNITED ARAB EMIRATES,,,,,,100,80,0,82,Compared based on country UAE,50,0,85,30,50,0,0,85
487,Sender,YAN WILHEM BENJAMIN ASSOUN,PO BOX 507112 FOUNTAIN VIEWS NO2106 SHEIKH MOHAMMED BIN DOWNTOWN 507112,DUBAI,ARE AE,,,,100,0,0,0,,0,35,0,85,0,40,0,50
488,Sender's Bank,FIRST ABU DHABI BANK PJSC,ABU DHABI UNITED ARAB EMIRATES,,,,,UNITED ARAB EMIRATES,100,0,0,0,,50,0,0,85,0,0,85,0
489,Ultimate Receiver,YAN ASSOUN,608 FIFTH AVENUE NEW YORK NEW YORK 10020,,,,,,88,0,0,35,safe check,0,40,0,0,50,0,0,30
490,Originator FI,BANK LEUMI LE ISRAEL B.M.,32-34 YEHUDA HALEVI STREET TEL-AVIV,ISRAEL,,,,,100,80,0,0,,0,0,0,0,0,80,0,0
491,Reference for beneficiary,848-05-0449856IX,,,,,,,100,80,30,0,,0,20,0,80,0,0,0,0
492,Sender,VOTIRO CYBERSEC LTD,126 YIGAAL ALON STR. TEL AVIV,ISRAEL,,,,,100,80,0,0,,0,0,0,50,50,80,0,40
493,Instructing FI,BANK LEUMI LE ISRAEL B.M.,32-34 YEHUDA HALEVI STREET TEL-AVIV,ISRAEL,,,,,100,0,0,35,googled,40,0,0,0,0,0,0,20
494,Sender's Bank,BANK LEUMI LE ISRAEL B.M.,32-34 YEHUDA HALEVI STREET TEL-AVIV,ISRAEL,,,,ISRAEL,100,0,0,0,,50,35,0,30,40,40,0,0
495,Originator FI,BANK LEUMI LE ISRAEL B.M.,32-34 YEHUDA HALEVI STREET TEL-AVIV,ISRAEL,,,,,100,0,0,0,,0,0,0,0,0,0,0,0
496,Instructing FI,BANK LEUMI LE ISRAEL B.M.,32-34 YEHUDA HALEVI STREET TEL-AVIV,ISRAEL,,,,,100,0,0,0,,0,0,0,0,0,0,0,0
497,Sender's Bank,BANK LEUMI LE ISRAEL B.M.,32-34 YEHUDA HALEVI STREET TEL-AVIV,ISRAEL,,,,ISRAEL,100,0,0,85,"compared leumi and Khaverim, Company structure matching",0,0,0,0,0,50,25,50
498,Reference for beneficiary,848-05-0449204BU,,,,,,,100,0,0,0,,0,20,35,0,0,0,0,0
499,Beneficiary,FBO MESH PAYMENTS POOLEDF,"251 W 30TH STREET NEW YORK, NY 10001",NEW YORK (USA),,,,UNITED STATES OF AMERICA,97,0,85,20,safe check,30,0,0,35,0,0,0,85
500,Sender,SALTO LABS LTD,"HASHIZAF 4 STR., RAANANA 4366411",ISRAEL,,,,,88,0,0,40,Googled. Location reason,50,40,0,85,50,40,0,0
